  172.0009,   80.6522
  172.0037,   80.6325
  172.0065,   80.5722
  172.0093,   80.5797
  172.0121,   80.5665
  172.0149,   80.5876
  172.0177,   80.5697
  172.0205,   80.5666
  172.0233,   80.5611
  172.0261,   80.5608
  172.0289,   80.6384
  172.0317,   80.6216
  172.0345,   80.6108
  172.0373,   80.6237
  172.0401,   80.5927
  172.0429,   80.6233
  172.0457,   80.6048
  172.0485,   80.5872
  172.0513,   80.5973
  172.0541,    80.586
  172.0569,   80.5588
  172.0597,   80.5531
  172.0625,   80.5432
  172.0653,   80.5481
  172.0681,   80.5298
  172.0709,   80.5229
  172.0737,   80.5435
  172.0765,   80.6028
  172.0793,   80.5452
  172.0821,   80.5533
  172.0849,   80.5532
  172.0877,    80.602
  172.0905,   80.5199
  172.0933,   80.5798
  172.0961,   80.5729
  172.0989,   80.5752
  172.1017,   80.5774
  172.1045,   80.5761
  172.1073,   80.5569
  172.1101,   80.5629
  172.1129,    80.576
  172.1157,   80.5866
  172.1185,   80.5841
  172.1213,   80.5657
  172.1241,   80.6454
  172.1269,   80.6084
  172.1297,   80.5828
  172.1325,   80.6402
  172.1353,   80.5433
  172.1381,   80.5337
  172.1409,   80.5399
  172.1437,   80.5263
  172.1465,   80.6039
  172.1493,   80.5685
  172.1521,   80.6203
  172.1549,   80.5903
  172.1577,   80.5809
  172.1605,   80.5686
  172.1633,   80.5539
  172.1661,   80.5664
  172.1689,   80.5517
  172.1717,   80.5432
  172.1745,   80.6065
  172.1773,   80.5754
  172.1801,   80.5569
  172.1829,   80.4837
  172.1857,   80.5312
  172.1885,   80.5227
  172.1913,   80.4911
  172.1941,   80.5589
  172.1969,   80.5501
  172.1997,   80.5501
  172.2025,   80.5224
  172.2053,   80.5281
  172.2081,   80.5227
  172.2109,   80.5218
  172.2137,   80.5176
  172.2165,   80.5069
  172.2193,    80.587
  172.2221,   80.5643
  172.2249,   80.5683
  172.2277,   80.5504
  172.2305,   80.5392
  172.2333,   80.5957
  172.2361,   80.5112
  172.2389,   80.5892
  172.2417,   80.5683
  172.2445,    80.582
  172.2473,   80.5825
  172.2501,   80.5726
  172.2529,    80.577
  172.2557,   80.5676
  172.2585,   80.5134
  172.2613,   80.5314
  172.2641,   80.5334
  172.2669,   80.5267
  172.2697,   80.5667
  172.2725,   80.5622
  172.2753,   80.5531
  172.2781,   80.6119
  172.2809,    80.526
  172.2837,   80.5193
  172.2865,   80.5357
  172.2893,   80.4778
  172.2921,   80.5558
  172.2949,    80.543
  172.2977,   80.5542
  172.3005,   80.5438
  172.3033,   80.5404
  172.3061,   80.5353
  172.3089,   80.5454
  172.3117,   80.5615
  172.3145,   80.5001
  172.3173,   80.5665
  172.3201,   80.5579
  172.3229,   80.5623
  172.3257,   80.5464
  172.3285,   80.5355
  172.3313,    80.536
  172.3341,   80.5328
  172.3369,    80.555
  172.3397,   80.5452
  172.3425,    80.546
  172.3453,   80.5495
  172.3481,   80.5328
  172.3509,    80.536
  172.3537,    80.552
  172.3565,   80.5612
  172.3593,    80.497
  172.3621,   80.5022
  172.3649,   80.5621
  172.3677,   80.5432
  172.3705,    80.562
  172.3733,   80.5748
  172.3761,   80.5543
  172.3789,   80.5618
  172.3817,   80.4999
  172.3845,   80.4985
  172.3873,   80.5805
  172.3901,   80.5209
  172.3929,    80.541
  172.3957,   80.5436
  172.3985,   80.5684
  172.4013,   80.5747
  172.4041,   80.5302
  172.4069,   80.5476
  172.4097,   80.5538
  172.4125,   80.5408
  172.4153,   80.5295
  172.4181,   80.5241
  172.4209,   80.5223
  172.4237,   80.4985
  172.4265,   80.4977
  172.4293,   80.5292
  172.4321,    80.521
  172.4349,   80.4846
  172.4377,   80.5101
  172.4405,   80.5209
  172.4433,   80.5213
  172.4461,   80.5224
  172.4489,   80.5516
  172.4517,   80.5503
  172.4545,   80.5545
  172.4573,   80.5604
  172.4601,   80.5718
  172.4629,   80.5533
  172.4657,   80.5659
  172.4685,   80.5621
  172.4713,   80.5527
  172.4741,   80.5678
  172.4769,   80.5684
  172.4797,   80.5959
  172.4825,   80.5999
  172.4853,   80.6151
  172.4881,   80.6125
  172.4909,   80.6249
  172.4937,   80.6383
  172.4965,    80.658
  172.4993,   80.6687
  172.5021,    80.615
  172.5049,   80.6271
  172.5077,   80.6262
  172.5105,   80.6268
  172.5133,   80.6431
  172.5161,   80.6399
  172.5189,   80.6425
  172.5217,   80.6512
  172.5245,   80.6507
  172.5273,   80.6635
  172.5301,   80.6563
  172.5329,   80.6734
  172.5357,   80.6647
  172.5385,   80.6897
  172.5413,    80.693
  172.5441,   80.7063
  172.5469,   80.6515
  172.5497,   80.6498
  172.5525,   80.6634
  172.5553,   80.6627
  172.5581,   80.6698
  172.5609,   80.6651
  172.5637,   80.6664
  172.5665,   80.6626
  172.5693,   80.6823
  172.5721,    80.699
  172.5749,   80.6917
  172.5777,   80.6948
  172.5805,   80.6832
  172.5833,   80.7197
  172.5861,   80.7197
  172.5889,   80.7161
  172.5917,   80.7159
  172.5945,   80.7352
  172.5973,   80.7373
  172.6001,    80.687
  172.6029,   80.6896
  172.6057,   80.7054
  172.6085,   80.7062
  172.6113,   80.7709
  172.6141,   80.7551
  172.6169,   80.7515
  172.6197,   80.7464
  172.6225,    80.775
  172.6253,   80.7708
  172.6281,   80.7715
  172.6309,   80.7792
  172.6337,   80.7769
  172.6365,   80.7942
  172.6393,   80.7105
  172.6421,   80.7408
  172.6449,   80.7329
  172.6477,   80.7343
  172.6505,   80.7299
  172.6533,   80.7178
  172.6561,    80.716
  172.6589,   80.7673
  172.6617,   80.7427
  172.6645,   80.7405
  172.6673,   80.7468
  172.6701,   80.6824
  172.6729,   80.7436
  172.6757,    80.653
  172.6785,   80.6908
  172.6813,   80.6917
  172.6841,   80.6942
  172.6869,   80.6957
  172.6897,   80.7043
  172.6925,   80.7123
  172.6953,   80.6892
  172.6981,   80.6996
  172.7009,   80.6656
  172.7037,   80.7425
  172.7065,   80.7174
  172.7093,   80.7194
  172.7121,   80.7137
  172.7149,   80.7088
  172.7177,   80.6807
  172.7205,   80.7411
  172.7233,   80.7519
  172.7261,   80.7444
  172.7289,    80.766
  172.7317,   80.7124
  172.7345,   80.7062
  172.7373,    80.718
  172.7401,   80.7374
  172.7429,   80.7303
  172.7457,   80.7124
  172.7485,   80.7149
  172.7513,   80.7087
  172.7541,   80.7026
  172.7569,   80.7612
  172.7597,   80.7405
  172.7625,   80.7209
  172.7653,   80.6999
  172.7681,   80.6864
  172.7709,   80.7283
  172.7737,   80.7286
  172.7765,   80.7304
  172.7793,   80.6712
  172.7821,   80.7467
  172.7849,   80.6725
  172.7877,   80.6781
  172.7905,   80.6668
  172.7933,    80.653
  172.7961,   80.7068
  172.7989,   80.7007
  172.8017,   80.6892
  172.8045,   80.6923
  172.8073,   80.6894
  172.8101,   80.6865
  172.8129,   80.6649
  172.8157,   80.6757
  172.8185,    80.733
  172.8213,   80.6727
  172.8241,   80.7497
  172.8269,   80.7343
  172.8297,   80.7213
  172.8325,   80.7074
  172.8353,   80.7116
  172.8381,   80.7042
  172.8409,    80.701
  172.8437,   80.7545
  172.8465,   80.7412
  172.8493,   80.7406
  172.8521,   80.8186
  172.8549,   80.7964
  172.8577,   80.7767
  172.8605,   80.7708
  172.8633,   80.7652
  172.8661,   80.8254
  172.8689,   80.8322
  172.8717,   80.7599
  172.8745,   80.7852
  172.8773,   80.7985
  172.8801,   80.7963
  172.8829,   80.7904
  172.8857,   80.7943
  172.8885,   80.7877
  172.8913,   80.7737
  172.8941,   80.7772
  172.8969,   80.7846
  172.8997,   80.7525
  172.9025,   80.7459
  172.9053,   80.7395
  172.9081,   80.7403
  172.9109,   80.7377
  172.9137,   80.7397
  172.9165,   80.7281
  172.9193,   80.7281
  172.9221,     80.71
  172.9249,   80.7324
  172.9277,   80.7463
  172.9305,   80.7484
  172.9333,   80.7407
  172.9361,   80.7341
  172.9389,   80.7191
  172.9417,   80.7741
  172.9445,   80.7664
  172.9473,   80.7575
  172.9501,   80.7409
  172.9529,   80.6843
  172.9557,   80.7158
  172.9585,   80.7232
  172.9613,   80.7077
  172.9641,   80.7606
  172.9669,   80.7005
  172.9697,   80.7005
  172.9725,   80.7246
  172.9753,    80.794
  172.9781,   80.7355
  172.9809,   80.7457
  172.9837,   80.7568
  172.9865,   80.7462
  172.9893,   80.6944
  172.9921,   80.7745
  172.9949,   80.6951
  172.9977,    80.703
  173.0005,   80.6947
  173.0033,   80.6897
  173.0061,    80.691
  173.0089,   80.6985
  173.0117,   80.7186
  173.0145,   80.7103
  173.0173,   80.7243
  173.0201,   80.7362
  173.0229,   80.7357
  173.0257,   80.7065
  173.0285,   80.7186
  173.0313,   80.6698
  173.0341,   80.6884
  173.0369,   80.6793
  173.0397,   80.6915
  173.0425,   80.7009
  173.0453,   80.7014
  173.0481,   80.6368
  173.0509,    80.658
  173.0537,   80.6727
  173.0565,   80.6756
  173.0593,   80.7114
  173.0621,   80.6436
  173.0649,   80.6684
  173.0677,   80.6803
  173.0705,    80.677
  173.0733,    80.707
  173.0761,   80.6467
  173.0789,   80.6594
  173.0817,   80.6544
  173.0845,   80.6618
  173.0873,   80.6743
  173.0901,    80.699
  173.0929,   80.7053
  173.0957,   80.6291
  173.0985,   80.6257
  173.1013,   80.6606
  173.1041,   80.6748
  173.1069,   80.6631
  173.1097,   80.6659
  173.1125,   80.6688
  173.1153,   80.6872
  173.1181,   80.6883
  173.1209,   80.6938
  173.1237,   80.6413
  173.1265,   80.6583
  173.1293,   80.6715
  173.1321,   80.6696
  173.1349,   80.6512
  173.1377,   80.5974
  173.1405,   80.6178
  173.1433,   80.5999
  173.1461,   80.5874
  173.1489,   80.6037
  173.1517,   80.6053
  173.1545,    80.612
  173.1573,   80.6038
  173.1601,    80.635
  173.1629,   80.6274
  173.1657,   80.5678
  173.1685,   80.5861
  173.1713,   80.6064
  173.1741,   80.6254
  173.1769,   80.6261
  173.1797,   80.6214
  173.1825,   80.6207
  173.1853,   80.6152
  173.1881,   80.6075
  173.1909,   80.6754
  173.1937,   80.6284
  173.1965,    80.632
  173.1993,   80.6862
  173.2021,   80.6803
  173.2049,   80.6865
  173.2077,   80.7028
  173.2105,   80.7041
  173.2133,   80.7279
  173.2161,   80.7364
  173.2189,   80.7341
  173.2217,   80.6807
  173.2245,   80.6889
  173.2273,   80.6888
  173.2301,   80.6854
  173.2329,   80.6847
  173.2357,   80.7329
  173.2385,   80.7305
  173.2413,   80.6765
  173.2441,   80.6654
  173.2469,   80.7375
  173.2497,   80.6512
  173.2525,   80.6727
  173.2553,   80.7455
  173.2581,   80.7406
  173.2609,   80.7155
  173.2637,   80.7418
  173.2665,   80.6883
  173.2693,   80.6884
  173.2721,   80.6729
  173.2749,   80.6953
  173.2777,    80.685
  173.2805,   80.7471
  173.2833,   80.7363
  173.2861,   80.7867
  173.2889,   80.7079
  173.2917,   80.7767
  173.2945,   80.7183
  173.2973,   80.7029
  173.3001,   80.7157
  173.3029,   80.7249
  173.3057,   80.7464
  173.3085,   80.7348
  173.3113,   80.8083
  173.3141,   80.7341
  173.3169,   80.7394
  173.3197,   80.7124
  173.3225,   80.7221
  173.3253,   80.7345
  173.3281,   80.7623
  173.3309,   80.8015
  173.3337,   80.8069
  173.3365,   80.8165
  173.3393,   80.8152
  173.3421,   80.8162
  173.3449,   80.8116
  173.3477,   80.8175
  173.3505,   80.8292
  173.3533,   80.8232
  173.3561,   80.8232
  173.3589,    80.825
  173.3617,   80.8208
  173.3645,   80.7421
  173.3673,    80.743
  173.3701,   80.7402
  173.3729,   80.7277
  173.3757,   80.7642
  173.3785,   80.7562
  173.3813,   80.7289
  173.3841,   80.7266
  173.3869,   80.6987
  173.3897,   80.7086
  173.3925,   80.7586
  173.3953,   80.6762
  173.3981,   80.7527
  173.4009,   80.7466
  173.4037,   80.7338
  173.4065,   80.7237
  173.4093,    80.735
  173.4121,   80.7304
  173.4149,   80.7433
  173.4177,   80.7215
  173.4205,   80.6939
  173.4233,   80.7482
  173.4261,   80.7365
  173.4289,   80.7636
  173.4317,   80.7502
  173.4345,   80.7473
  173.4373,   80.7432
  173.4401,   80.7893
  173.4429,   80.7811
  173.4457,   80.7758
  173.4485,    80.784
  173.4513,   80.7995
  173.4541,   80.7277
  173.4569,   80.7398
  173.4597,   80.8005
  173.4625,   80.7709
  173.4653,   80.7796
  173.4681,   80.7399
  173.4709,   80.7419
  173.4737,   80.7959
  173.4765,   80.7699
  173.4793,   80.7531
  173.4821,   80.8046
  173.4849,   80.7965
  173.4877,   80.7783
  173.4905,   80.7121
  173.4933,   80.7214
  173.4961,   80.8064
  173.4989,   80.7371
  173.5017,   80.8062
  173.5045,    80.818
  173.5073,   80.7992
  173.5101,    80.781
  173.5129,   80.8389
  173.5157,   80.8391
  173.5185,   80.8213
  173.5213,   80.8062
  173.5241,   80.8544
  173.5269,   80.8475
  173.5297,    80.837
  173.5325,   80.8153
  173.5353,   80.8165
  173.5381,   80.8291
  173.5409,   80.7712
  173.5437,   80.8671
  173.5465,   80.8804
  173.5493,   80.8887
  173.5521,   80.8957
  173.5549,   80.8904
  173.5577,   80.8891
  173.5605,   80.8679
  173.5633,   80.8605
  173.5661,   80.9287
  173.5689,    80.915
  173.5717,   80.8896
  173.5745,   80.8916
  173.5773,   80.8904
  173.5801,   80.9577
  173.5829,    80.949
  173.5857,   80.8983
  173.5885,   80.9005
  173.5913,    80.912
  173.5941,   80.9175
  173.5969,   80.9271
  173.5997,   81.0186
  173.6025,   81.0218
  173.6053,   80.9502
  173.6081,   80.9604
  173.6109,   80.9519
  173.6137,   80.9258
  173.6165,   80.9234
  173.6193,   81.0091
  173.6221,    81.007
  173.6249,   80.9499
  173.6277,   80.9431
  173.6305,   80.9415
  173.6333,   80.9617
  173.6361,   80.8939
  173.6389,   80.9068
  173.6417,   80.9219
  173.6445,   80.9554
  173.6473,   80.9621
  173.6501,   80.9781
  173.6529,   80.9791
  173.6557,   80.9898
  173.6585,   80.9932
  173.6613,   80.9956
  173.6641,   80.9777
  173.6669,    80.982
  173.6697,   81.0055
  173.6725,   81.0097
  173.6753,   81.0081
  173.6781,    81.005
  173.6809,    81.017
  173.6837,   81.0284
  173.6865,   81.0321
  173.6893,   80.9918
  173.6921,   81.0755
  173.6949,   81.0755
  173.6977,   81.1068
  173.7005,   81.0488
  173.7033,   80.9991
  173.7061,   81.0076
  173.7089,   81.0184
  173.7117,   80.9972
  173.7145,   80.9916
  173.7173,   81.0372
  173.7201,   81.0397
  173.7229,   80.9803
  173.7257,   80.9734
  173.7285,   80.9817
  173.7313,   81.0015
  173.7341,    80.938
  173.7369,   80.9414
  173.7397,   80.9604
  173.7425,   80.9604
  173.7453,   80.9721
  173.7481,   80.9832
  173.7509,   80.9833
  173.7537,   80.9307
  173.7565,   80.9526
  173.7593,   80.9441
  173.7621,   80.9385
  173.7649,   80.9526
  173.7677,   80.9932
  173.7705,   80.9936
  173.7733,   80.9961
  173.7761,   80.9821
  173.7789,   80.9821
  173.7817,   80.9352
  173.7845,   80.9433
  173.7873,   80.9559
  173.7901,   80.9267
  173.7929,   80.9429
  173.7957,   80.9313
  173.7985,   80.9398
  173.8013,   80.9441
  173.8041,   80.9379
  173.8069,   80.9322
  173.8097,   80.9287
  173.8125,   80.9194
  173.8153,   80.9711
  173.8181,   80.9722
  173.8209,   80.9484
  173.8237,   80.9336
  173.8265,   80.9206
  173.8293,   80.9224
  173.8321,     80.93
  173.8349,   80.9332
  173.8377,   80.9379
  173.8405,   80.9497
  173.8433,    80.961
  173.8461,   80.9511
  173.8489,   80.9496
  173.8517,   80.9557
  173.8545,   80.9562
  173.8573,   80.9403
  173.8601,   80.9256
  173.8629,   80.9157
  173.8657,   80.9132
  173.8685,    80.978
  173.8713,   80.9378
  173.8741,   80.9283
  173.8769,   80.9157
  173.8797,   80.9256
  173.8825,   80.9074
  173.8853,   80.9003
  173.8881,   80.8848
  173.8909,   80.8936
  173.8937,   80.8878
  173.8965,   80.8815
  173.8993,   80.8727
  173.9021,   80.9278
  173.9049,   80.9082
  173.9077,   80.8863
  173.9105,   80.9315
  173.9133,   80.9316
  173.9161,   80.9835
  173.9189,   80.9532
  173.9217,   80.9421
  173.9245,   80.9406
  173.9273,   80.9439
  173.9301,   80.9338
  173.9329,    80.939
  173.9357,   80.9423
  173.9385,   80.9472
  173.9413,   80.9901
  173.9441,   80.9885
  173.9469,   80.9933
  173.9497,   80.9865
  173.9525,   80.9792
  173.9553,   80.9618
  173.9581,   81.0227
  173.9609,   81.0117
  173.9637,   81.0684
  173.9665,   81.0496
  173.9693,   81.0279
  173.9721,   81.0153
  173.9749,   81.0119
  173.9777,   80.9965
  173.9805,   80.9855
  173.9833,    80.992
  173.9861,   80.9751
  173.9889,   81.0309
  173.9917,   80.9533
  173.9945,   80.9461
  173.9973,   80.9342
  174.0001,   80.9234
  174.0029,   80.9224
  174.0057,   80.9183
  174.0085,    80.977
  174.0113,   81.0081
  174.0141,   80.9904
  174.0169,   80.9886
  174.0197,   80.9786
  174.0225,   80.8954
  174.0253,   80.9663
  174.0281,   80.9447
  174.0309,   80.9567
  174.0337,    81.004
  174.0365,   81.0069
  174.0393,   81.0079
  174.0421,   80.9996
  174.0449,486       ,        81
  174.0477,    80.985
  174.0505,   80.9843
  174.0533,   80.9758
  174.0561,   81.0247
  174.0589,   81.0112
  174.0617,   81.0665
  174.0645,   81.0384
  174.0673,   81.0297
  174.0701,   81.0156
  174.0729,   81.0016
  174.0757,   81.0019
  174.0785,   80.9456
  174.0813,    80.931
  174.0841,   80.9913
  174.0869,    80.917
  174.0897,   80.9293
  174.0925,   80.9226
  174.0953,    80.926
  174.0981,    80.917
  174.1009,    80.908
  174.1037,   80.9046
  174.1065,   80.8946
  174.1093,   80.8977
  174.1121,    80.895
  174.1149,   80.8895
  174.1177,   80.8799
  174.1205,   80.8633
  174.1233,   80.8485
  174.1261,   80.8452
  174.1289,   80.8452
  174.1317,   80.9089
  174.1345,   80.9108
  174.1373,    80.852
  174.1401,   80.8589
  174.1429,    80.868
  174.1457,   80.8842
  174.1485,   80.8829
  174.1513,    80.878
  174.1541,   80.8566
  174.1569,   80.9166
  174.1597,   80.9022
  174.1625,   80.8982
  174.1653,   80.9221
  174.1681,   80.9343
  174.1709,   80.9352
  174.1737,   80.9316
  174.1765,   80.9282
  174.1793,   80.8878
  174.1821,   80.9025
  174.1849,   80.8397
  174.1877,   80.8692
  174.1905,   80.8923
  174.1933,   80.8927
  174.1961,   80.8951
  174.1989,    80.886
  174.2017,    80.879
  174.2045,   80.8749
  174.2073,   80.8726
  174.2101,   80.8275
  174.2129,   80.8439
  174.2157,   80.8365
  174.2185,   80.8522
  174.2213,   80.8533
  174.2241,   80.8539
  174.2269,   80.8568
  174.2297,   80.8706
  174.2325,   80.8896
  174.2353,    80.912
  174.2381,   80.8052
  174.2409,   80.8191
  174.2437,   80.8329
  174.2465,   80.8532
  174.2493,   80.8504
  174.2521,   80.8534
  174.2549,   80.8722
  174.2577,   80.8691
  174.2605,   80.8999
  174.2633,   80.9048
  174.2661,   80.8394
  174.2689,    80.863
  174.2717,   80.8732
  174.2745,    80.882
  174.2773,   80.8954
  174.2801,   80.9216
  174.2829,   80.9312
  174.2857,   80.9283
  174.2885,   80.9341
  174.2913,   80.8899
  174.2941,   80.8892
  174.2969,   80.8865
  174.2997,   80.8764
  174.3025,   80.8749
  174.3053,    80.919
  174.3081,   80.9669
  174.3109,   80.9402
  174.3137,   80.8887
  174.3165,   80.8884
  174.3193,   80.8162
  174.3221,   80.8063
  174.3249,   80.8124
  174.3277,   80.8515
  174.3305,   80.8919
  174.3333,   80.8383
  174.3361,    80.842
  174.3389,   80.7848
  174.3417,   80.7264
  174.3445,   80.7302
  174.3473,   80.8113
  174.3501,   80.7789
  174.3529,   80.8021
  174.3557,   80.8184
  174.3585,   80.8321
  174.3613,   80.7835
  174.3641,   80.7671
  174.3669,   80.7444
  174.3697,   80.7364
  174.3725,   80.7323
  174.3753,   80.7479
  174.3781,   80.8227
  174.3809,    80.826
  174.3837,   80.8236
  174.3865,   80.8363
  174.3893,   80.8209
  174.3921,    80.776
  174.3949,   80.7892
  174.3977,    80.849
  174.4005,   80.8881
  174.4033,   80.8834
  174.4061,   80.8678
  174.4089,   80.8618
  174.4117,   80.8779
  174.4145,   80.8826
  174.4173,   80.8152
  174.4201,    80.816
  174.4229,   80.8422
  174.4257,   80.8645
  174.4285,   80.8644
  174.4313,   80.8619
  174.4341,   80.8789
  174.4369,   80.8119
  174.4397,   80.8001
  174.4425,   80.7285
  174.4453,   80.8055
  174.4481,   80.7789
  174.4509,   80.7921
  174.4537,   80.8468
  174.4565,   80.8476
  174.4593,   80.8451
  174.4621,   80.8319
  174.4649,   80.7989
  174.4677,   80.7787
  174.4705,   80.7917
  174.4733,   80.7998
  174.4761,   80.7477
  174.4789,   80.7445
  174.4817,   80.7505
  174.4845,   80.7656
  174.4873,   80.7182
  174.4901,   80.7234
  174.4929,   80.7555
  174.4957,    80.747
  174.4985,    80.764
  174.5013,   80.7919
  174.5041,   80.7845
  174.5069,   80.8109
  174.5097,   80.7823
  174.5125,   80.7825
  174.5153,   80.7825
  174.5181,    80.724
  174.5209,    80.745
  174.5237,   80.7513
  174.5265,   80.7486
  174.5293,   80.8165
  174.5321,   80.8288
  174.5349,   80.8193
  174.5377,   80.7232
  174.5405,   80.7759
  174.5433,   80.7512
  174.5461,    80.736
  174.5489,    80.733
  174.5517,   80.7814
  174.5545,   80.7657
  174.5573,   80.8356
  174.5601,   80.7657
  174.5629,   80.7196
  174.5657,    80.731
  174.5685,   80.7406
  174.5713,   80.7391
  174.5741,   80.7277
  174.5769,   80.7161
  174.5797,   80.7198
  174.5825,   80.7235
  174.5853,   80.7159
  174.5881,   80.6734
  174.5909,   80.6322
  174.5937,   80.6916
  174.5965,   80.6814
  174.5993,   80.7277
  174.6021,    80.735
  174.6049,   80.7395
  174.6077,   80.7313
  174.6105,   80.7208
  174.6133,   80.6797
  174.6161,   80.7208
  174.6189,   80.6833
  174.6217,   80.7695
  174.6245,   80.7582
  174.6273,   80.7592
  174.6301,   80.7473
  174.6329,   80.7539
  174.6357,   80.7533
  174.6385,   80.7188
  174.6413,   80.7589
  174.6441,   80.7182
  174.6469,   80.7253
  174.6497,   80.7297
  174.6525,   80.8042
  174.6553,   80.7985
  174.6581,   80.7957
  174.6609,   80.7515
  174.6637,   80.7375
  174.6665,   80.7095
  174.6693,   80.7588
  174.6721,   80.7129
  174.6749,   80.7647
  174.6777,   80.8289
  174.6805,   80.7608
  174.6833,   80.7759
  174.6861,   80.7704
  174.6889,   80.6893
  174.6917,   80.7057
  174.6945,318       ,   80
  174.6973,   80.7137
  174.7001,   80.7705
  174.7029,   80.7484
  174.7057,   80.7308
  174.7085,   80.7488
  174.7113,   80.6892
  174.7141,   80.7137
  174.7169,   80.7169
  174.7197,   80.7178
  174.7225,   80.7287
  174.7253,   80.7793
  174.7281,   80.7507
  174.7309,   80.7529
  174.7337,   80.7233
  174.7365,   80.7337
  174.7393,   80.7434
  174.7421,   80.7455
  174.7449,   80.7316
  174.7477,   80.7205
  174.7505,   80.7903
  174.7533,   80.8506
  174.7561,   80.7847
  174.7589,   80.7429
  174.7617,   80.7452
  174.7645,   80.7612
  174.7673,   80.7709
  174.7701,   80.7886
  174.7729,   80.7903
  174.7757,   80.8274
  174.7785,   80.8276
  174.7813,   80.8519
  174.7841,   80.8027
  174.7869,   80.8177
  174.7897,   80.7665
  174.7925,   80.7735
  174.7953,   80.7753
  174.7981,   80.8348
  174.8009,   80.8178
  174.8037,   80.8189
  174.8065,   80.8587
  174.8093,   80.7695
  174.8121,   80.7993
  174.8149,   80.7544
  174.8177,   80.7421
  174.8205,   80.7527
  174.8233,   80.7808
  174.8261,   80.7593
  174.8289,   80.7144
  174.8317,   80.7561
  174.8345,   80.7184
  174.8373,   80.7204
  174.8401,   80.7343
  174.8429,   80.6915
  174.8457,   80.7017
  174.8485,   80.7287
  174.8513,   80.7248
  174.8541,   80.7496
  174.8569,   80.7347
  174.8597,     80.69
  174.8625,   80.7333
  174.8653,   80.7306
  174.8681,   80.8106
  174.8709,   80.8095
  174.8737,   80.8164
  174.8765,   80.8498
  174.8793,   80.8611
  174.8821,   80.8036
  174.8849,   80.8165
  174.8877,   80.7786
  174.8905,   80.8069
  174.8933,   80.8033
  174.8961,   80.8209
  174.8989,   80.8209
  174.9017,   80.7715
  174.9045,   80.7845
  174.9073,   80.8465
  174.9101,   80.7974
  174.9129,   80.8129
  174.9157,   80.8438
  174.9185,   80.8037
  174.9213,   80.8035
  174.9241,   80.7999
  174.9269,   80.8171
  174.9297,   80.8328
  174.9325,   80.8476
  174.9353,   80.8097
  174.9381,   80.8131
  174.9409,    80.767
  174.9437,   80.7777
  174.9465,   80.8002
  174.9493,   80.8147
  174.9521,   80.8154
  174.9549,   80.8425
  174.9577,   80.8519
  174.9605,   80.8627
  174.9633,   80.8191
  174.9661,   80.8114
  174.9689,   80.8821
  174.9717,   80.8765
  174.9745,   80.8916
  174.9773,   80.8236
  174.9801,   80.8529
  174.9829,   80.8769
  174.9857,    80.887
  174.9885,   80.8913
  174.9913,   80.8798
  174.9941,   80.8827
  174.9969,   80.8948
  174.9997,   80.8836
  175.0025,   80.9036
  175.0053,   80.9053
  175.0081,   80.9214
  175.0109,   80.9304
  175.0137,   80.8607
  175.0165,   80.9197
  175.0193,   80.9114
  175.0221,   80.8886
  175.0249,    80.897
  175.0277,   80.9576
  175.0305,   80.9589
  175.0333,     80.96
  175.0361,   80.9635
  175.0389,   80.9553
  175.0417,   80.9236
  175.0445,   80.9011
  175.0473,   80.9033
  175.0501,   80.9747
  175.0529,   80.9011
  175.0557,   80.9095
  175.0585,    80.912
  175.0613,     80.91
  175.0641,   80.8881
  175.0669,   80.8671
  175.0697,   80.8185
  175.0725,   80.8074
  175.0753,   80.8696
  175.0781,   80.8583
  175.0809,   80.8682
  175.0837,   80.9114
  175.0865,   80.8922
  175.0893,   80.8471
  175.0921,    80.901
  175.0949,   80.9571
  175.0977,   80.9455
  175.1005,     80.92
  175.1033,   80.9201
  175.1061,    80.936
  175.1089,   80.9149
  175.1117,   80.8814
  175.1145,     80.94
  175.1173,   80.9175
  175.1201,   80.9073
  175.1229,   80.9006
  175.1257,   80.9591
  175.1285,   80.9339
  175.1313,   80.9854
  175.1341,   80.9712
  175.1369,   80.9695
  175.1397,   80.9398
  175.1425,   80.9336
  175.1453,   80.9202
  175.1481,   80.9643
  175.1509,   80.8838
  175.1537,   80.9623
  175.1565,   80.9576
  175.1593,    80.948
  175.1621,   80.9109
  175.1649,   80.8858
  175.1677,   80.9287
  175.1705,   80.9175
  175.1733,   80.9625
  175.1761,   81.0297
  175.1789,   81.0337
  175.1817,    81.002
  175.1845,   80.9159
  175.1873,   80.9595
  175.1901,   80.9416
  175.1929,   80.9251
  175.1957,   80.8929
  175.1985,   80.8969
  175.2013,   80.8958
  175.2041,   80.8971
  175.2069,   80.9676
  175.2097,   80.9394
  175.2125,   80.9295
  175.2153,   80.9186
  175.2181,   80.8906
  175.2209,   80.9013
  175.2237,    80.899
  175.2265,   80.8893
  175.2293,   80.9588
  175.2321,   80.9325
  175.2349,   80.9749
  175.2377,   80.8876
  175.2405,   80.8891
  175.2433,   80.9686
  175.2461,   80.9382
  175.2489,    80.932
  175.2517,   80.9147
  175.2545,    80.926
  175.2573,   80.9256
  175.2601,   80.9209
  175.2629,   80.9201
  175.2657,   80.8461
  175.2685,   80.8448
  175.2713,   80.9075
  175.2741,    80.906
  175.2769,   80.9765
  175.2797,   81.0271
  175.2825,   80.9966
  175.2853,   80.9966
  175.2881,   80.9657
  175.2909,   80.8989
  175.2937,   80.9092
  175.2965,   80.9195
  175.2993,   80.9425
  175.3021,   80.9539
  175.3049,   80.9639
  175.3077,   80.8833
  175.3105,   80.8603
  175.3133,   80.8542
  175.3161,   80.7893
  175.3189,   80.8167
  175.3217,   80.8324
  175.3245,   80.7868
  175.3273,   80.8566
  175.3301,   80.9131
  175.3329,   80.8997
  175.3357,   80.8833
  175.3385,   80.8834
  175.3413,   80.8936
  175.3441,   80.9151
  175.3469,   80.8667
  175.3497,   80.8788
  175.3525,   80.8874
  175.3553,   80.8898
  175.3581,   80.9414
  175.3609,   80.9368
  175.3637,   80.8844
  175.3665,   80.8928
  175.3693,    80.854
  175.3721,   80.8894
  175.3749,   80.9049
  175.3777,   80.9771
  175.3805,   80.9693
  175.3833,   80.9533
  175.3861,   80.9595
  175.3889,   80.9494
  175.3917,   80.9731
  175.3945,   80.9478
  175.3973,   80.9226
  175.4001,   80.9341
  175.4029,    80.945
  175.4057,   80.9659
  175.4085,    80.952
  175.4113,   80.9381
  175.4141,   80.9491
  175.4169,   80.8875
  175.4197,   80.8655
  175.4225,   80.8884
  175.4253,    80.909
  175.4281,   80.9154
  175.4309,   80.9121
  175.4337,   80.9195
  175.4365,   80.9188
  175.4393,    80.854
  175.4421,   80.8751
  175.4449,   80.8495
  175.4477,    80.863
  175.4505,   80.8766
  175.4533,   80.8937
  175.4561,   80.8988
  175.4589,   80.9109
  175.4617,   80.8511
  175.4645,   80.8758
  175.4673,   80.8879
  175.4701,    80.892
  175.4729,   80.9016
  175.4757,   80.9005
  175.4785,   80.8905
  175.4813,    80.943
  175.4841,   80.9247
  175.4869,    80.926
  175.4897,   80.8624
  175.4925,   80.8988
  175.4953,   80.9068
  175.4981,   80.8426
  175.5009,   80.9184
  175.5037,   80.9139
  175.5065,   80.8976
  175.5093,   80.9695
  175.5121,   80.8932
  175.5149,   80.9086
  175.5177,   80.8528
  175.5205,   80.8714
  175.5233,   80.8758
  175.5261,   80.8684
  175.5289,   80.9071
  175.5317,   80.8666
  175.5345,   80.9055
  175.5373,   80.9126
  175.5401,   80.8737
  175.5429,   80.8871
  175.5457,   80.8826
  175.5485,   80.8514
  175.5513,   80.8403
  175.5541,   80.8015
  175.5569,   80.8531
  175.5597,   80.9123
  175.5625,293       ,   80
  175.5653,   80.9163
  175.5681,   80.8466
  175.5709,   80.8467
  175.5737,   80.8251
  175.5765,    80.868
  175.5793,   80.9022
  175.5821,   80.9453
  175.5849,   81.0213
  175.5877,   80.9415
  175.5905,   80.9438
  175.5933,   80.8739
  175.5961,    80.887
  175.5989,   80.8989
  175.6017,   80.8764
  175.6045,   80.8742
  175.6073,   80.8843
  175.6101,   80.9442
  175.6129,    80.931
  175.6157,   80.9141
  175.6185,   80.8804
  175.6213,   80.8626
  175.6241,   80.8587
  175.6269,   80.8827
  175.6297,   80.8577
  175.6325,   80.9491
  175.6353,   80.9298
  175.6381,   80.9945
  175.6409,   80.9322
  175.6437,   80.9152
  175.6465,   80.9144
  175.6493,   80.8932
  175.6521,   80.8933
  175.6549,   80.8995
  175.6577,   80.8828
  175.6605,   80.9355
  175.6633,   80.9205
  175.6661,   80.8549
  175.6689,     80.84
  175.6717,     80.84
  175.6745,   80.8291
  175.6773,   80.8047
  175.6801,   80.8617
  175.6829,   80.9062
  175.6857,   80.9442
  175.6885,    80.925
  175.6913,   80.9297
  175.6941,   80.8734
  175.6969,   80.8774
  175.6997,   80.9126
  175.7025,   80.8618
  175.7053,   80.8488
  175.7081,    80.841
  175.7109,   80.8427
  175.7137,    80.897
  175.7165,     80.89
  175.7193,   80.8918
  175.7221,   80.8911
  175.7249,   80.8848
  175.7277,   80.8741
  175.7305,   80.8626
  175.7333,    80.846
  175.7361,   80.8365
  175.7389,   80.9097
  175.7417,   80.9204
  175.7445,   80.9207
  175.7473,   80.9272
  175.7501,   80.8473
  175.7529,   80.8369
  175.7557,   80.8293
  175.7585,   80.8288
  175.7613,   80.8041
  175.7641,    80.832
  175.7669,   80.8332
  175.7697,    80.837
  175.7725,   80.7682
  175.7753,   80.7623
  175.7781,   80.7732
  175.7809,   80.7457
  175.7837,   80.7668
  175.7865,   80.7257
  175.7893,    80.719
  175.7921,   80.7327
  175.7949,   80.7496
  175.7977,781       ,   80
  175.8005,   80.7181
  175.8033,   80.7217
  175.8061,   80.7105
  175.8089,   80.7209
  175.8117,   80.7096
  175.8145,   80.7219
  175.8173,   80.7386
  175.8201,   80.7775
  175.8229,   80.7709
  175.8257,    80.781
  175.8285,   80.7877
  175.8313,   80.7998
  175.8341,   80.7911
  175.8369,   80.8237
  175.8397,   80.7796
  175.8425,   80.8153
  175.8453,   80.8191
  175.8481,   80.8223
  175.8509,    80.821
  175.8537,   80.7556
  175.8565,   80.8115
  175.8593,   80.8165
  175.8621,   80.8225
  175.8649,   80.8092
  175.8677,   80.8255
  175.8705,    80.774
  175.8733,    80.789
  175.8761,   80.7917
  175.8789,   80.7158
  175.8817,   80.7209
  175.8845,   80.7133
  175.8873,   80.7211
  175.8901,   80.7142
  175.8929,   80.7314
  175.8957,    80.725
  175.8985,   80.7361
  175.9013,   80.7013
  175.9041,   80.6974
  175.9069,   80.7592
  175.9097,     80.75
  175.9125,   80.7536
  175.9153,    80.776
  175.9181,   80.7883
  175.9209,   80.7689
  175.9237,   80.8068
  175.9265,   80.7913
  175.9293,    80.744
  175.9321,   80.7672
  175.9349,   80.7775
  175.9377,   80.7244
  175.9405,   80.7936
  175.9433,   80.7589
  175.9461,   80.7969
  175.9489,   80.7799
  175.9517,   80.7903
  175.9545,   80.7829
  175.9573,   80.7757
  175.9601,   80.7734
  175.9629,   80.7665
  175.9657,   80.7647
  175.9685,   80.8097
  175.9713,   80.8185
  175.9741,   80.8011
  175.9769,   80.7798
  175.9797,   80.8408
  175.9825,   80.7748
  175.9853,   80.8418
  175.9881,   80.8338
  175.9909,    80.821
  175.9937,   80.8102
  175.9965,   80.8374
  175.9993,   80.8299
  176.0021,   80.8042
  176.0049,    80.789
  176.0077,   80.7954
  176.0105,   80.7896
  176.0133,   80.7874
  176.0161,   80.8007
  176.0189,   80.8158
  176.0217,   80.8104
  176.0245,   80.8193
  176.0273,   80.7766
  176.0301,   80.8257
  176.0329,   80.8055
  176.0357,   80.7206
  176.0385,   80.8246
  176.0413,   80.8092
  176.0441,893       ,   80
  176.0469,    80.799
  176.0497,   80.8483
  176.0525,   80.8313
  176.0553,   80.7855
  176.0581,   80.7855
  176.0609,   80.7777
  176.0637,    80.783
  176.0665,   80.8405
  176.0693,   80.8325
  176.0721,   80.8977
  176.0749,   80.9023
  176.0777,   80.8819
  176.0805,   80.8538
  176.0833,   80.8362
  176.0861,   80.8377
  176.0889,   80.8377
  176.0917,   80.8167
  176.0945,   80.8854
  176.0973,   80.8648
  176.1001,   80.9337
  176.1029,   80.9067
  176.1057,   80.8921
  176.1085,    80.806
  176.1113,   80.8807
  176.1141,   80.8734
  176.1169,   80.8703
  176.1197,   80.8718
  176.1225,   80.8823
  176.1253,   80.8746
  176.1281,   80.8514
  176.1309,   80.8505
  176.1337,   80.8517
  176.1365,   80.7603
  176.1393,   80.7643
  176.1421,   80.7796
  176.1449,   80.7952
  176.1477,   80.7943
  176.1505,   80.8531
  176.1533,   80.8498
  176.1561,   80.7666
  176.1589,   80.7631
  176.1617,   80.7825
  176.1645,   80.8062
  176.1673,    80.737
  176.1701,    80.758
  176.1729,   80.8142
  176.1757,   80.7955
  176.1785,   80.8309
  176.1813,   80.8241
  176.1841,   80.7602
  176.1869,   80.7753
  176.1897,   80.7908
  176.1925,   80.7786
  176.1953,   80.7945
  176.1981,   80.7836
  176.2009,   80.7962
  176.2037,   80.8636
  176.2065,   80.8236
  176.2093,   80.7506
  176.2121,    80.724
  176.2149,   80.7307
  176.2177,   80.7494
  176.2205,   80.7147
  176.2233,   80.7412
  176.2261,   80.7707
  176.2289,   80.7061
  176.2317,   80.7255
  176.2345,   80.6708
  176.2373,   80.6941
  176.2401,   80.7186
  176.2429,   80.6755
  176.2457,   80.6861
  176.2485,   80.7039
  176.2513,   80.6479
  176.2541,   80.6677
  176.2569,    80.624
  176.2597,   80.6817
  176.2625,   80.6296
  176.2653,   80.7271
  176.2681,   80.7173
  176.2709,   80.6958
  176.2737,   80.7016
  176.2765,   80.7131
  176.2793,   80.7138
  176.2821,   80.7369
  176.2849,   80.6879
  176.2877,    80.721
  176.2905,   80.6649
  176.2933,   80.7019
  176.2961,   80.6879
  176.2989,   80.7306
  176.3017,   80.6579
  176.3045,   80.6664
  176.3073,   80.6951
  176.3101,   80.7103
  176.3129,   80.6555
  176.3157,   80.6915
  176.3185,   80.7238
  176.3213,   80.7659
  176.3241,   80.7192
  176.3269,   80.7485
  176.3297,   80.7458
  176.3325,   80.7781
  176.3353,   80.6887
  176.3381,   80.7901
  176.3409,   80.7237
  176.3437,   80.7353
  176.3465,   80.7396
  176.3493,   80.7661
  176.3521,   80.7807
  176.3549,   80.7986
  176.3577,986       ,   80
  176.3605,   80.7772
  176.3633,   80.7506
  176.3661,   80.7658
  176.3689,    80.764
  176.3717,   80.7293
  176.3745,   80.7292
  176.3773,   80.7972
  176.3801,   80.7828
  176.3829,   80.7858
  176.3857,   80.7492
  176.3885,    80.749
  176.3913,   80.7491
  176.3941,   80.7578
  176.3969,   80.7754
  176.3997,   80.7706
  176.4025,   80.7616
  176.4053,   80.7569
  176.4081,   80.7574
  176.4109,    80.775
  176.4137,   80.7946
  176.4165,   80.7918
  176.4193,   80.7746
  176.4221,   80.7712
  176.4249,    80.767
  176.4277,   80.7528
  176.4305,   80.8127
  176.4333,   80.7716
  176.4361,   80.7806
  176.4389,   80.7761
  176.4417,   80.7761
  176.4445,   80.7659
  176.4473,   80.7586
  176.4501,   80.8041
  176.4529,   80.7793
  176.4557,   80.8323
  176.4585,337       ,   80
  176.4613,   80.8019
  176.4641,   80.8008
  176.4669,   80.7936
  176.4697,   80.7873
  176.4725,   80.7667
  176.4753,   80.8341
  176.4781,   80.8454
  176.4809,   80.8275
  176.4837,   80.8321
  176.4865,   80.8446
  176.4893,   80.8389
  176.4921,   80.8244
  176.4949,   80.8104
  176.4977,   80.7648
  176.5005,   80.8258
  176.5033,   80.7792
  176.5061,   80.8207
  176.5089,   80.8077
  176.5117,    80.777
  176.5145,   80.7613
  176.5173,   80.7587
  176.5201,   80.8141
  176.5229,   80.8073
  176.5257,   80.7715
  176.5285,    80.817
  176.5313,   80.7981
  176.5341,   80.7817
  176.5369,   80.7762
  176.5397,   80.7822
  176.5425,   80.7943
  176.5453,   80.7781
  176.5481,   80.8235
  176.5509,   80.8109
  176.5537,   80.7815
  176.5565,   80.8414
  176.5593,   80.8244
  176.5621,   80.8193
  176.5649,   80.8286
  176.5677,   80.8393
  176.5705,   80.8357
  176.5733,   80.8344
  176.5761,    80.814
  176.5789,   80.7817
  176.5817,   80.8467
  176.5845,   80.8292
  176.5873,   80.9033
  176.5901,   80.8186
  176.5929,   80.8441
  176.5957,    80.841
  176.5985,   80.8123
  176.6013,   80.8136
  176.6041,   80.7701
  176.6069,   80.8169
  176.6097,   80.8868
  176.6125,   80.8202
  176.6153,   80.8377
  176.6181,   80.7696
  176.6209,   80.8033
  176.6237,   80.7944
  176.6265,   80.8028
  176.6293,   80.7888
  176.6321,    80.849
  176.6349,    80.866
  176.6377,   80.8789
  176.6405,     80.84
  176.6433,   80.8489
  176.6461,   80.8574
  176.6489,   80.8088
  176.6517,   80.8548
  176.6545,    80.851
  176.6573,   80.8638
  176.6601,   80.8671
  176.6629,   80.8578
  176.6657,   80.8578
  176.6685,   80.8315
  176.6713,   80.8623
  176.6741,   80.8587
  176.6769,   80.8496
  176.6797,202       ,   80
  176.6825,   80.8613
  176.6853,   80.9559
  176.6881,   80.9742
  176.6909,    80.924
  176.6937,   80.9327
  176.6965,   80.9363
  176.6993,    80.873
  176.7021,   80.9105
  176.7049,   80.8862
  176.7077,   80.9736
  176.7105,   80.9921
  176.7133,   80.9379
  176.7161,   80.9389
  176.7189,    80.962
  176.7217,   80.8821
  176.7245,822       ,   80
  176.7273,   80.8804
  176.7301,   80.8931
  176.7329,   80.9192
  176.7357,   80.8762
  176.7385,   80.9044
  176.7413,   80.9184
  176.7441,   80.9156
  176.7469,   80.9284
  176.7497,   80.9155
  176.7525,   80.9227
  176.7553,   80.9167
  176.7581,   80.9286
  176.7609,   80.9396
  176.7637,   80.9788
  176.7665,   80.9331
  176.7693,   80.9186
  176.7721,   80.9609
  176.7749,   81.0204
  176.7777,   81.0186
  176.7805,   81.0103
  176.7833,   81.0226
  176.7861,   81.0413
  176.7889,   81.0455
  176.7917,    81.101
  176.7945,   81.0925
  176.7973,   81.0798
  176.8001,   81.1435
  176.8029,    81.177
  176.8057,   81.1812
  176.8085,   81.1885
  176.8113,   81.1974
  176.8141,   81.1653
  176.8169,   81.2413
  176.8197,   81.2437
  176.8225,   81.2511
  176.8253,   81.2605
  176.8281,   81.2605
  176.8309,   81.2558
  176.8337,    81.274
  176.8365,   81.3853
  176.8393,     81.38
  176.8421,   81.1897
  176.8449,   81.2554
  176.8477,   81.2455
  176.8505,   81.4085
  176.8533,   81.3917
  176.8561,   81.4252
  176.8589,   81.4291
  176.8617,   81.4231
  176.8645,    81.422
  176.8673,   81.4296
  176.8701,   81.4084
  176.8729,   81.4024
  176.8757,   81.3791
  176.8785,   81.4081
  176.8813,   81.3986
  176.8841,   81.4341
  176.8869,   81.4256
  176.8897,   81.4153
  176.8925,   81.4127
  176.8953,   81.3812
  176.8981,    81.415
  176.9009,   81.4558
  176.9037,   81.4375
  176.9065,   81.0548
  176.9093,   81.0333
  176.9121,   81.4176
  176.9149,   81.4266
  176.9177,   81.4054
  176.9205,   81.4174
  176.9233,   81.4367
  176.9261,   81.3945
  176.9289,   81.4371
  176.9317,   81.4241
  176.9345,   81.4762
  176.9373,    81.458
  176.9401,   81.5124
  176.9429,   81.4901
  176.9457,   81.4865
  176.9485,   81.5345
  176.9513,   81.5354
  176.9541,   81.5884
  176.9569,   81.6615
  176.9597,    81.662
  176.9625,    81.677
  176.9653,   81.0099
  176.9681,   81.4851
  176.9709,   81.5291
  176.9737,   81.6759
  176.9765,   81.6937
  176.9793,   81.7188
  176.9821,   81.7232
  176.9849,392       ,   81
  176.9877,   81.7518
  176.9905,   81.6758
  176.9933,   81.6976
  176.9961,    81.687
  176.9989,   81.6908
  177.0017,   81.6938
  177.0045,   81.7136
  177.0073,   81.6319
  177.0101,   81.6881
  177.0129,   81.7077
  177.0157,   81.6585
  177.0185,   81.6162
  177.0213,   81.6331
  177.0241,   81.6272
  177.0269,   81.6641
  177.0297,   81.6335
  177.0325,    81.915
  177.0353,   81.7531
  177.0381,   81.7569
  177.0409,   81.7666
  177.0437,   81.7277
  177.0465,   81.7545
  177.0493,   81.7119
  177.0521,   81.7815
  177.0549,    81.729
  177.0577,    81.794
  177.0605,   81.7682
  177.0633,   81.7711
  177.0661,   81.7265
  177.0689,   81.6909
  177.0717,   81.6937
  177.0745,   81.6441
  177.0773,   81.6619
  177.0801,   81.6583
  177.0829,   81.6765
  177.0857,   81.7345
  177.0885,   81.7674
  177.0913,   81.7091
  177.0941,   81.7026
  177.0969,    81.692
  177.0997,   81.6849
  177.1025,   81.7069
  177.1053,    81.702
  177.1081,   81.7334
  177.1109,   81.7774
  177.1137,   81.7536
  177.1165,   81.7541
  177.1193,   81.7548
  177.1221,   81.7535
  177.1249,   81.7585
  177.1277,   81.8042
  177.1305,   81.7524
  177.1333,   81.8118
  177.1361,   81.8156
  177.1389,   81.8458
  177.1417,   81.7869
  177.1445,   81.8088
  177.1473,   81.6615
  177.1501,   81.8353
  177.1529,   81.7882
  177.1557,    81.777
  177.1585,   81.7868
  177.1613,   81.7867
  177.1641,   81.7695
  177.1669,   81.7536
  177.1697,   81.7073
  177.1725,521       ,   81
  177.1753,   81.7154
  177.1781,   81.6654
  177.1809,   81.6954
  177.1837,   81.7108
  177.1865,   81.7767
  177.1893,   81.8033
  177.1921,   81.7731
  177.1949,   81.7553
  177.1977,   81.7505
  177.2005,   81.7129
  177.2033,    81.721
  177.2061,   81.7756
  177.2089,   81.7169
  177.2117,   81.7311
  177.2145,   81.7311
  177.2173,   81.7096
  177.2201,   81.6688
  177.2229,   81.6214
  177.2257,   81.5811
  177.2285,   81.5612
  177.2313,   81.5892
  177.2341,   81.5669
  177.2369,    81.542
  177.2397,   81.5627
  177.2425,   81.6075
  177.2453,   81.5648
  177.2481,   81.5529
  177.2509,   81.5518
  177.2537,   81.6218
  177.2565,   81.6206
  177.2593,    81.652
  177.2621,   81.6739
  177.2649,    81.665
  177.2677,   81.6629
  177.2705,   81.6268
  177.2733,   81.6489
  177.2761,   81.6156
  177.2789,   81.6455
  177.2817,   81.6721
  177.2845,    81.667
  177.2873,   81.6743
  177.2901,    81.645
  177.2929,   81.6039
  177.2957,    81.549
  177.2985,   81.5434
  177.3013,   81.5131
  177.3041,   81.5073
  177.3069,    81.571
  177.3097,   81.4825
  177.3125,   81.4761
  177.3153,   81.4726
  177.3181,    81.465
  177.3209,   81.4165
  177.3237,   81.4327
  177.3265,   81.3944
  177.3293,   81.4539
  177.3321,   81.6908
  177.3349,    81.613
  177.3377,   81.4802
  177.3405,   81.5017
  177.3433,   81.5408
  177.3461,   81.5617
  177.3489,   81.5152
  177.3517,   81.5429
  177.3545,   81.5468
  177.3573,   81.6105
  177.3601,   81.5879
  177.3629,   81.6327
  177.3657,   81.6551
  177.3685,   81.6338
  177.3713,   81.6266
  177.3741,   81.5747
  177.3769,   81.5605
  177.3797,   81.5402
  177.3825,   81.5312
  177.3853,   81.5083
  177.3881,   81.4566
  177.3909,   81.4294
  177.3937,   81.3602
  177.3965,   81.3153
  177.3993,   81.3064
  177.4021,   81.2329
  177.4049,   81.2288
  177.4077,   81.1688
  177.4105,   81.1618
  177.4133,   81.1016
  177.4161,   81.1269
  177.4189,   81.0812
  177.4217,   80.9847
  177.4245,   81.0617
  177.4273,   81.0195
  177.4301,   81.0074
  177.4329,   80.9794
  177.4357,   80.9305
  177.4385,   80.9922
  177.4413,   81.0091
  177.4441,   80.9441
  177.4469,   80.9745
  177.4497,   80.9419
  177.4525,   80.9051
  177.4553,   80.9182
  177.4581,   80.8808
  177.4609,   80.9541
  177.4637,   80.9432
  177.4665,   80.9312
  177.4693,   80.9284
  177.4721,   80.9548
  177.4749,   80.9729
  177.4777,   80.9885
  177.4805,   81.0371
  177.4833,   80.9874
  177.4861,   81.0086
  177.4889,   81.0434
  177.4917,   81.0163
  177.4945,   81.0311
  177.4973,   81.0391
  177.5001,   85.1697
  177.5029,803       ,   85
  177.5057,   85.2148
  177.5085,   85.6032
  177.5113,   85.6142
  177.5141,   86.2879
  177.5169,   85.7298
  177.5197,   84.5756
  177.5225,   80.5933
  177.5253,   80.5875
  177.5281,   80.6482
  177.5309,   80.6489
  177.5337,   80.6699
  177.5365,   80.7251
  177.5393,   80.6999
  177.5421,    80.688
  177.5449,   80.6963
  177.5477,   80.6916
  177.5505,   80.6861
  177.5533,   80.7179
  177.5561,   80.6727
  177.5589,   80.6213
  177.5617,   80.5861
  177.5645,   80.5603
  177.5673,   80.5495
  177.5701,   80.5531
  177.5729,   80.5384
  177.5757,   80.4357
  177.5785,   80.4496
  177.5813,   80.5903
  177.5841,   80.6843
  177.5869,   80.6686
  177.5897,   80.7095
  177.5925,   80.7565
  177.5953,   80.7651
  177.5981,   80.8319
  177.6009,   80.8319
  177.6037,    80.896
  177.6065,   80.9356
  177.6093,   80.9354
  177.6121,   81.0193
  177.6149,   81.0295
  177.6177,    81.036
  177.6205,    739.01
  177.6233,    81.155
  177.6261,   81.1651
  177.6289,   81.1471
  177.6317,   81.1808
  177.6345,   81.1945
  177.6373,   81.1939
  177.6401,   81.2386
  177.6429,   81.2624
  177.6457,   81.2676
  177.6485,   81.2185
  177.6513,   81.2645
  177.6541,   81.3118
  177.6569,   81.3398
  177.6597,   81.3194
  177.6625,   81.3062
  177.6653,   81.3456
  177.6681,   81.3396
  177.6709,   81.3308
  177.6737,   81.2454
  177.6765,   81.2628
  177.6793,    81.253
  177.6821,   81.2234
  177.6849,   81.2671
  177.6877,   81.2678
  177.6905,   81.2629
  177.6933,   81.3515
  177.6961,    81.313
  177.6989,   81.2952
  177.7017,   81.2551
  177.7045,   81.2686
  177.7073,   81.2746
  177.7101,   81.2864
  177.7129,   81.2962
  177.7157,   81.3461
  177.7185,   82.0431
  177.7213,   81.3176
  177.7241,   81.3393
  177.7269,   81.3505
  177.7297,   81.3293
  177.7325,    81.298
  177.7353,   81.2703
  177.7381,   81.2311
  177.7409,   81.2443
  177.7437,   81.2806
  177.7465,   81.2605
  177.7493,   81.2137
  177.7521,   81.2479
  177.7549,   81.2886
  177.7577,   81.2128
  177.7605,   81.1959
  177.7633,   81.0838
  177.7661,   81.0324
  177.7689,   81.1907
  177.7717,   81.2319
  177.7745,   81.2541
  177.7773,   81.2376
  177.7801,   81.2605
  177.7829,   81.2777
  177.7857,   81.2677
  177.7885,   81.2863
  177.7913,   81.2883
  177.7941,   81.3548
  177.7969,   81.3556
  177.7997,   81.3608
  177.8025,   81.3671
  177.8053,   81.4146
  177.8081,   81.4074
  177.8109,   81.4893
  177.8137,   81.4694
  177.8165,   81.4951
  177.8193,   81.5148
  177.8221,   81.5382
  177.8249,   81.5286
  177.8277,   81.5294
  177.8305,   81.5077
  177.8333,   81.5275
  177.8361,   81.5101
  177.8389,   81.5646
  177.8417,   81.5765
  177.8445,   81.5883
  177.8473,   81.5156
  177.8501,   81.5839
  177.8529,   81.5729
  177.8557,   81.5726
  177.8585,    81.577
  177.8613,   81.5362
  177.8641,   81.6299
  177.8669,   81.5857
  177.8697,   81.5795
  177.8725,   81.5728
  177.8753,   81.6175
  177.8781,   81.5986
  177.8809,   81.4367
  177.8837,   81.6417
  177.8865,   81.6343
  177.8893,   81.6168
  177.8921,   81.5959
  177.8949,   81.6562
  177.8977,   81.6347
  177.9005,   81.6117
  177.9033,   81.6406
  177.9061,   81.6056
  177.9089,   81.5885
  177.9117,   81.5856
  177.9145,    81.588
  177.9173,   81.5949
  177.9201,   81.5525
  177.9229,   81.5794
  177.9257,   81.5379
  177.9285,   81.5697
  177.9313,   81.5554
  177.9341,   81.5317
  177.9369,   81.5647
  177.9397,   81.5921
  177.9425,   81.5702
  177.9453,   81.6315
  177.9481,   81.5365
  177.9509,   81.5667
  177.9537,   81.6242
  177.9565,   81.6218
  177.9593,   81.6265
  177.9621,   81.5853
  177.9649,   81.6015
  177.9677,   81.5846
  177.9705,   81.5715
  177.9733,   81.6157
  177.9761,    81.579
  177.9789,   81.6302
  177.9817,   81.6174
  177.9845,   81.6054
  177.9873,   81.6054
  177.9901,   81.5756
  177.9929,   81.5893
  177.9957,   81.6664
  177.9985,   81.6439
  178.0013,   81.3856
  178.0041,   81.4352
  178.0069,   81.7101
  178.0097,   81.6659
  178.0125,   81.6823
  178.0153,   81.7079
  178.0181,   81.7008
  178.0209,   81.7008
  178.0237,   81.7232
  178.0265,   81.7028
  178.0293,   81.6948
  178.0321,   81.6973
  178.0349,   81.7389
  178.0377,   81.7371
  178.0405,   81.7495
  178.0433,   81.6922
  178.0461,   81.6888
  178.0489,   81.6987
  178.0517,     81.73
  178.0545,    81.739
  178.0573,   81.7366
  178.0601,   81.7379
  178.0629,   81.6437
  178.0657,     81.68
  178.0685,   81.6691
  178.0713,   81.7167
  178.0741,   81.7025
  178.0769,   81.6896
  178.0797,   81.7099
  178.0825,    81.697
  178.0853,   81.7356
  178.0881,   81.7206
  178.0909,   81.7713
  178.0937,   81.7666
  178.0965,   81.7555
  178.0993,   81.8015
  178.1021,   81.8641
  178.1049,    81.822
  178.1077,   81.7735
  178.1105,    81.818
  178.1133,   81.7978
  178.1161,   81.8261
  178.1189,   81.7395
  178.1217,   81.7105
  178.1245,   81.7033
  178.1273,   81.3815
  178.1301,   81.7477
  178.1329,   81.7593
  178.1357,   81.7365
  178.1385,   81.7663
  178.1413,   81.7164
  178.1441,   81.7587
  178.1469,   81.7233
  178.1497,   81.7092
  178.1525,    81.755
  178.1553,   81.7361
  178.1581,   81.7276
  178.1609,715       ,   81
  178.1637,   81.7728
  178.1665,   81.7352
  178.1693,   81.7064
  178.1721,   81.7405
  178.1749,   81.7327
  178.1777,   81.7378
  178.1805,   81.7394
  178.1833,   81.8258
  178.1861,   81.6009
  178.1889,   81.6774
  178.1917,   81.8841
  178.1945,   81.9386
  178.1973,   81.9418
  178.2001,   81.9537
  178.2029,   81.9671
  178.2057,   82.0435
  178.2085,   82.0295
  178.2113,   82.0408
  178.2141,    82.064
  178.2169,   82.0807
  178.2197,   82.0374
  178.2225,   82.0431
  178.2253,   82.1292
  178.2281,   82.1015
  178.2309,   82.0967
  178.2337,   82.1285
  178.2365,   82.1267
  178.2393,   82.1789
  178.2421,   82.2647
  178.2449,   82.2565
  178.2477,   82.2851
  178.2505,    82.284
  178.2533,   82.2391
  178.2561,   82.2331
  178.2589,   82.2672
  178.2617,   82.2425
  178.2645,   82.2407
  178.2673,   82.2643
  178.2701,   82.2864
  178.2729,   82.2559
  178.2757,   82.2198
  178.2785,   82.1816
  178.2813,   82.2062
  178.2841,   82.3765
  178.2869,   82.3518
  178.2897,    82.354
  178.2925,   82.3778
  178.2953,   82.3947
  178.2981,   82.3972
  178.3009,   82.4019
  178.3037,    83.825
  178.3065,   82.4399
  178.3093,   82.4609
  178.3121,   82.4677
  178.3149,   82.5063
  178.3177,   82.5201
  178.3205,   82.4124
  178.3233,   82.5114
  178.3261,   82.5633
  178.3289,   82.5524
  178.3317,   82.5509
  178.3345,   82.6364
  178.3373,    82.598
  178.3401,   82.6709
  178.3429,   82.7081
  178.3457,   82.7028
  178.3485,   82.7554
  178.3513,    82.741
  178.3541,   82.8465
  178.3569,   82.8022
  178.3597,   82.9571
  178.3625,   82.9779
  178.3653,   83.0231
  178.3681,   83.0665
  178.3709,   83.0665
  178.3737,   83.0937
  178.3765,   83.1491
  178.3793,     83.16
  178.3821,   83.2385
  178.3849,   83.1761
  178.3877,   83.1816
  178.3905,   83.1902
  178.3933,   83.2623
  178.3961,   83.3348
  178.3989,   83.3349
  178.4017,   83.1686
  178.4045,   83.2814
  178.4073,   83.2387
  178.4101,   83.4017
  178.4129,    83.449
  178.4157,   83.3699
  178.4185,   83.4302
  178.4213,   83.4041
  178.4241,   83.4432
  178.4269,   83.4439
  178.4297,   83.3111
  178.4325,   83.2629
  178.4353,   83.6238
  178.4381,   83.6043
  178.4409,   83.5788
  178.4437,   83.5643
  178.4465,   83.7352
  178.4493,   83.7216
  178.4521,   83.7632
  178.4549,   83.7472
  178.4577,   82.0685
  178.4605,   83.5583
  178.4633,   83.5078
  178.4661,   83.5079
  178.4689,   82.0622
  178.4717,   82.0507
  178.4745,   82.0455
  178.4773,   82.1004
  178.4801,   83.6895
  178.4829,   83.6952
  178.4857,   83.7155
  178.4885,   83.6922
  178.4913,   83.3264
  178.4941,   83.3498
  178.4969,   83.6076
  178.4997,   83.6528
  178.5025,   83.5739
  178.5053,   83.5513
  178.5081,   83.5078
  178.5109,   83.5123
  178.5137,   83.4439
  178.5165,   83.4634
  178.5193,   83.4372
  178.5221,   83.4113
  178.5249,   83.3535
  178.5277,   83.2356
  178.5305,   83.2302
  178.5333,   83.1438
  178.5361,   83.0854
  178.5389,   83.2051
  178.5417,   83.1939
  178.5445,   83.1361
  178.5473,   83.1205
  178.5501,   83.0442
  178.5529,   82.9121
  178.5557,   82.8491
  178.5585,   82.8108
  178.5613,   82.7864
  178.5641,   82.7792
  178.5669,   82.7789
  178.5697,   82.6174
  178.5725,    82.581
  178.5753,   82.5619
  178.5781,   82.5134
  178.5809,   82.5068
  178.5837,   82.3095
  178.5865,   82.5326
  178.5893,   82.5124
  178.5921,   82.4571
  178.5949,   82.5101
  178.5977,   82.5264
  178.6005,   82.4738
  178.6033,   83.8434
  178.6061,   83.8588
  178.6089,   83.8586
  178.6117,   82.4376
  178.6145,   82.3768
  178.6173,   82.3303
  178.6201,    82.315
  178.6229,   82.2969
  178.6257,   82.2862
  178.6285,    82.253
  178.6313,    82.237
  178.6341,   82.2215
  178.6369,   82.2231
  178.6397,   82.1907
  178.6425,   82.1704
  178.6453,   82.1834
  178.6481,   82.1157
  178.6509,   82.1462
  178.6537,    82.122
  178.6565,   82.1244
  178.6593,   82.0868
  178.6621,   82.0186
  178.6649,   81.9934
  178.6677,   81.9823
  178.6705,   82.0624
  178.6733,   82.0311
  178.6761,   81.9986
  178.6789,888       ,   81
  178.6817,   81.9546
  178.6845,   81.9355
  178.6873,   81.9384
  178.6901,   81.8576
  178.6929,    81.889
  178.6957,   81.8705
  178.6985,   81.8483
  178.7013,   81.8769
  178.7041,   81.7854
  178.7069,   81.7991
  178.7097,   81.7121
  178.7125,      81.7
  178.7153,   81.6971
  178.7181,   81.6785
  178.7209,   81.6691
  178.7237,   81.6863
  178.7265,   81.6558
  178.7293,   81.6056
  178.7321,   81.3153
  178.7349,   81.5794
  178.7377,   81.5417
  178.7405,   81.6222
  178.7433,   81.5946
  178.7461,   81.5933
  178.7489,   81.5674
  178.7517,   81.5603
  178.7545,    81.543
  178.7573,    81.543
  178.7601,   81.5266
  178.7629,   81.5252
  178.7657,   81.5251
  178.7685,   81.6069
  178.7713,   81.6033
  178.7741,   81.6475
  178.7769,   81.6324
  178.7797,   81.6755
  178.7825,   81.6902
  178.7853,   81.6887
  178.7881,474       ,   81
  178.7909,   81.8222
  178.7937,   81.7632
  178.7965,      81.6
  178.7993,   81.5656
  178.8021,   81.7561
  178.8049,   81.8004
  178.8077,   81.8052
  178.8105,   81.8609
  178.8133,    81.802
  178.8161,   81.7984
  178.8189,   81.8343
  178.8217,   81.8333
  178.8245,   81.8242
  178.8273,   81.8027
  178.8301,   81.7946
  178.8329,   81.9337
  178.8357,   81.9505
  178.8385,   82.0006
  178.8413,   81.9462
  178.8441,   81.9283
  178.8469,   81.9442
  178.8497,   81.8828
  178.8525,   81.9142
  178.8553,   81.8512
  178.8581,   81.8605
  178.8609,   81.8385
  178.8637,   81.8147
  178.8665,   81.8141
  178.8693,   81.7638
  178.8721,   81.7281
  178.8749,   81.7738
  178.8777,   81.6488
  178.8805,   81.7695
  178.8833,   81.7664
  178.8861,    81.772
  178.8889,   81.7241
  178.8917,    81.699
  178.8945,   81.8301
  178.8973,   81.8016
  178.9001,    81.822
  178.9029,   81.8316
  178.9057,   81.9278
  178.9085,   81.8813
  178.9113,   82.2248
  178.9141,   82.2317
  178.9169,   81.9079
  178.9197,   81.8911
  178.9225,   81.8749
  178.9253,   81.7875
  178.9281,   81.8371
  178.9309,   81.8332
  178.9337,   81.8197
  178.9365,   81.7879
  178.9393,   81.7753
  178.9421,   81.8046
  178.9449,   81.8552
  178.9477,   81.9058
  178.9505,   81.8885
  178.9533,   81.9046
  178.9561,    81.919
  178.9589,   81.8997
  178.9617,   81.9279
  178.9645,   81.9322
  178.9673,753       ,    81
  178.9701,   81.9065
  178.9729,   81.9843
  178.9757,   81.9806
  178.9785,     81.97
  178.9813,   82.0237
  178.9841,   82.0171
  178.9869,   82.0115
  178.9897,   82.0644
  178.9925,   82.0508
  178.9953,   82.0539
  178.9981,   82.0538
  179.0009,   82.0446
  179.0037,    82.031
  179.0065,   82.0195
  179.0093,   82.0609
  179.0121,    82.048
  179.0149,   82.0777
  179.0177,   82.0639
  179.0205,    82.043
  179.0233,   82.0065
  179.0261,   82.0308
  179.0289,   82.0031
  179.0317,   82.0162
  179.0345,    82.056
  179.0373,   81.6677
  179.0401,   82.0215
  179.0429,   82.0197
  179.0457,   81.9963
  179.0485,   81.9872
  179.0513,   81.9388
  179.0541,   81.9247
  179.0569,   81.9075
  179.0597,   81.8828
  179.0625,   81.9351
  179.0653,   81.8673
  179.0681,   81.9162
  179.0709,   81.9072
  179.0737,   81.8777
  179.0765,   81.9136
  179.0793,   81.9302
  179.0821,   81.8937
  179.0849,   81.9519
  179.0877,   81.9547
  179.0905,   81.9347
  179.0933,   81.9468
  179.0961,   81.7611
  179.0989,   81.7745
  179.1017,   82.0025
  179.1045,024       ,   81
  179.1073,   82.0791
  179.1101,   82.0717
  179.1129,   82.0402
  179.1157,    82.047
  179.1185,   82.0126
  179.1213,   82.0504
  179.1241,    81.981
  179.1269,   82.0207
  179.1297,   81.8906
  179.1325,   81.8878
  179.1353,   81.8288
  179.1381,   81.7936
  179.1409,   81.8122
  179.1437,   81.8122
  179.1465,   81.6932
  179.1493,   81.7258
  179.1521,    81.783
  179.1549,   81.7626
  179.1577,   81.7723
  179.1605,   81.7095
  179.1633,     81.65
  179.1661,   81.6354
  179.1689,   81.6555
  179.1717,   81.6223
  179.1745,   81.5995
  179.1773,   81.6167
  179.1801,   81.6844
  179.1829,   81.6259
  179.1857,   81.6492
  179.1885,   81.7107
  179.1913,   81.7145
  179.1941,    81.655
  179.1969,   81.6918
  179.1997,   81.6878
  179.2025,    81.699
  179.2053,    81.811
  179.2081,   81.8083
  179.2109,   81.8757
  179.2137,   81.8312
  179.2165,   82.0151
  179.2193,   82.0643
  179.2221,   82.7018
  179.2249,   81.8555
  179.2277,   81.8186
  179.2305,   81.7957
  179.2333,   81.7566
  179.2361,212       ,   81
  179.2389,   81.8035
  179.2417,   81.8375
  179.2445,   81.7796
  179.2473,    81.843
  179.2501,   81.8333
  179.2529,   81.8623
  179.2557,   81.8479
  179.2585,   81.8536
  179.2613,   81.8402
  179.2641,   81.9107
  179.2669,   81.9001
  179.2697,   81.8842
  179.2725,   81.8818
  179.2753,   81.9003
  179.2781,   81.9228
  179.2809,   81.9428
  179.2837,    81.941
  179.2865,   81.8629
  179.2893,   81.9035
  179.2921,   81.8799
  179.2949,   81.8798
  179.2977,   81.8877
  179.3005,   81.8452
  179.3033,   81.8008
  179.3061,   81.8125
  179.3089,    81.816
  179.3117,    81.781
  179.3145,   81.7423
  179.3173,   81.7879
  179.3201,   81.7562
  179.3229,   81.6598
  179.3257,   81.6613
  179.3285,   81.6553
  179.3313,   81.5624
  179.3341,    81.564
  179.3369,   81.5193
  179.3397,   81.5523
  179.3425,   81.4686
  179.3453,   81.1491
  179.3481,   81.1006
  179.3509,   81.1132
  179.3537,   81.3469
  179.3565,   81.2561
  179.3593,   81.2559
  179.3621,   81.2425
  179.3649,    81.152
  179.3677,   81.1468
  179.3705,   81.1192
  179.3733,    81.058
  179.3761,   81.0749
  179.3789,   80.9937
  179.3817,62        ,   80
  179.3845,   80.9627
  179.3873,   80.9587
  179.3901,   80.9604
  179.3929,   80.9025
  179.3957,   80.9064
  179.3985,   80.9151
  179.4013,   80.8725
  179.4041,   80.8471
  179.4069,   80.8444
  179.4097,   80.8515
  179.4125,   80.9158
  179.4153,   80.9046
  179.4181,   80.9105
  179.4209,   80.8792
  179.4237,    80.818
  179.4265,   80.8628
  179.4293,   80.8383
  179.4321,    80.888
  179.4349,   80.8738
  179.4377,   80.8378
  179.4405,    80.823
  179.4433,   80.8568
  179.4461,   80.8659
  179.4489,    80.827
  179.4517,   80.8987
  179.4545,    80.944
  179.4573,    80.991
  179.4601,   80.9143
  179.4629,   80.9813
  179.4657,    80.946
  179.4685,    80.893
  179.4713,   80.8593
  179.4741,   80.8712
  179.4769,   80.8494
  179.4797,    80.846
  179.4825,   80.7803
  179.4853,   80.7808
  179.4881,   80.8407
  179.4909,   80.8381
  179.4937,   80.7903
  179.4965,   80.7896
  179.4993,   80.8145
  179.5021,   80.8831
  179.5049,   80.8481
  179.5077,   80.8453
  179.5105,   80.8613
  179.5133,    80.814
  179.5161,   80.8356
  179.5189,   80.8364
  179.5217,    80.873
  179.5245,   80.8197
  179.5273,   80.8323
  179.5301,   80.8323
  179.5329,   80.8675
  179.5357,    80.814
  179.5385,   80.8052
  179.5413,   80.7651
  179.5441,   80.7775
  179.5469,   80.8161
  179.5497,   80.8312
  179.5525,    80.778
  179.5553,   80.8241
  179.5581,   80.8385
  179.5609,   80.7948
  179.5637,   80.8425
  179.5665,   80.7916
  179.5693,   80.8198
  179.5721,   80.8605
  179.5749,   80.8285
  179.5777,    80.874
  179.5805,   80.8377
  179.5833,   80.8957
  179.5861,   80.8822
  179.5889,   80.8292
  179.5917,   80.8783
  179.5945,   80.9043
  179.5973,   80.8749
  179.6001,   80.8832
  179.6029,    80.818
  179.6057,   80.8688
  179.6085,    80.953
  179.6113,     80.94
  179.6141,   80.9171
  179.6169,   80.8517
  179.6197,   80.9195
  179.6225,   80.8802
  179.6253,   80.8864
  179.6281,   80.9107
  179.6309,   80.8993
  179.6337,   80.8613
  179.6365,   80.9394
  179.6393,   80.8755
  179.6421,   80.9355
  179.6449,   80.9294
  179.6477,   80.9042
  179.6505,   80.9081
  179.6533,   80.9034
  179.6561,   80.9103
  179.6589,   80.9202
  179.6617,   80.9234
  179.6645,   80.9087
  179.6673,   80.8994
  179.6701,    80.955
  179.6729,   80.9185
  179.6757,   80.9154
  179.6785,   80.9226
  179.6813,   80.9023
  179.6841,   80.8875
  179.6869,   80.9004
  179.6897,   80.9318
  179.6925,    80.928
  179.6953,   80.9354
  179.6981,   80.9028
  179.7009,    80.906
  179.7037,   80.9432
  179.7065,   80.9568
  179.7093,   80.9262
  179.7121,   80.9072
  179.7149,   80.9234
  179.7177,   80.9522
  179.7205,   80.9136
  179.7233,   80.9212
  179.7261,   80.9783
  179.7289,   80.9134
  179.7317,   80.9745
  179.7345,   80.9593
  179.7373,   80.9112
  179.7401,   80.9275
  179.7429,   80.9237
  179.7457,   80.9235
  179.7485,   80.9191
  179.7513,   80.8925
  179.7541,   80.9576
  179.7569,   80.9445
  179.7597,   80.9185
  179.7625,   80.9129
  179.7653,   80.9249
  179.7681,   80.9862
  179.7709,   80.9108
  179.7737,   80.8792
  179.7765,   80.9032
  179.7793,   80.9045
  179.7821,   80.8922
  179.7849,   80.8571
  179.7877,   80.9032
  179.7905,   80.8507
  179.7933,   80.8471
  179.7961,   80.8592
  179.7989,   80.8471
  179.8017,   80.8955
  179.8045,   80.8657
  179.8073,   80.8511
  179.8101,   80.9007
  179.8129,   80.8754
  179.8157,   80.8569
  179.8185,   80.8403
  179.8213,   80.8951
  179.8241,   80.8841
  179.8269,   80.8752
  179.8297,   80.8726
  179.8325,   80.8688
  179.8353,    80.866
  179.8381,   80.8641
  179.8409,     80.86
  179.8437,   80.8573
  179.8465,   80.8572
  179.8493,   80.9118
  179.8521,   80.8856
  179.8549,   80.8593
  179.8577,   80.8439
  179.8605,   80.8773
  179.8633,    80.859
  179.8661,   80.8782
  179.8689,   80.8551
  179.8717,   80.8912
  179.8745,   80.8558
  179.8773,   80.8357
  179.8801,   80.8293
  179.8829,   80.8181
  179.8857,   80.8012
  179.8885,   80.7954
  179.8913,    80.871
  179.8941,   80.8299
  179.8969,   80.8136
  179.8997,   80.8666
  179.9025,   80.8484
  179.9053,   80.8252
  179.9081,   80.8042
  179.9109,   80.7895
  179.9137,   80.7895
  179.9165,   80.7738
  179.9193,   80.8169
  179.9221,   80.8011
  179.9249,   80.8474
  179.9277,   80.8449
  179.9305,   80.8399
  179.9333,   80.8443
  179.9361,   80.8391
  179.9389,   80.8261
  179.9417,   80.8903
  179.9445,   80.8547
  179.9473,   80.8495
  179.9501,   80.8256
  179.9529,   80.8223
  179.9557,   80.8168
  179.9585,   80.8406
  179.9613,   80.8266
  179.9641,   80.8699
  179.9669,   80.8503
  179.9697,   80.9113
  179.9725,   80.8391
  179.9753,   80.8597
  179.9781,    80.867
  179.9809,   80.8685
  179.9837,   80.8821
  179.9865,   80.8637
  179.9893,   80.8678
  179.9921,   80.8606
  179.9949,   80.8725
  179.9977,   80.8908
  180.0005,   80.8332
  180.0033,   80.8554
  180.0061,   80.9088
  180.0089,   80.8864
  180.0117,   80.8797
  180.0145,   80.8303
  180.0173,   80.8371
  180.0201,   80.8278
  180.0229,    80.842
  180.0257,   80.8249
  180.0285,   80.8761
  180.0313,     80.86
  180.0341,   80.8561
  180.0369,   80.8523
  180.0397,   80.9222
  180.0425,   80.9149
  180.0453,   80.8481
  180.0481,   80.9058
  180.0509,   80.8794
  180.0537,   80.8821
  180.0565,   80.9531
  180.0593,    80.938
  180.0621,   80.9344
  180.0649,   80.8752
  180.0677,   80.8836
  180.0705,   80.8908
  180.0733,   80.8928
  180.0761,    80.914
  180.0789,   80.8564
  180.0817,   80.9217
  180.0845,144       ,   80
  180.0873,    80.863
  180.0901,   80.8753
  180.0929,    80.874
  180.0957,   80.8731
  180.0985,   80.8602
  180.1013,   80.8647
  180.1041,    80.801
  180.1069,   80.8028
  180.1097,   80.7724
  180.1125,    80.788
  180.1153,   80.7988
  180.1181,   80.7659
  180.1209,   80.7601
  180.1237,   80.7684
  180.1265,   80.7689
  180.1293,   80.7939
  180.1321,   80.7833
  180.1349,   80.7797
  180.1377,    80.758
  180.1405,   80.7009
  180.1433,   80.7374
  180.1461,   80.7793
  180.1489,   80.7429
  180.1517,    80.734
  180.1545,   80.7599
  180.1573,   80.7405
  180.1601,   80.7315
  180.1629,   80.7186
  180.1657,   80.7528
  180.1685,   80.7717
  180.1713,   80.7674
  180.1741,   80.7858
  180.1769,   80.7861
  180.1797,   80.7388
  180.1825,   80.7927
  180.1853,   80.7684
  180.1881,   80.7527
  180.1909,   80.7453
  180.1937,   80.7817
  180.1965,   80.7764
  180.1993,   80.7827
  180.2021,   80.7864
  180.2049,   80.7938
  180.2077,   80.7386
  180.2105,   80.8145
  180.2133,   80.8093
  180.2161,   80.7983
  180.2189,    80.796
  180.2217,   80.7799
  180.2245,   80.7847
  180.2273,   80.7586
  180.2301,   80.7516
  180.2329,   80.7503
  180.2357,   80.7262
  180.2385,   80.7207
  180.2413,   80.7149
  180.2441,    80.709
  180.2469,   80.7822
  180.2497,     80.71
  180.2525,   80.7972
  180.2553,    80.778
  180.2581,    80.773
  180.2609,   80.7659
  180.2637,    80.759
  180.2665,   80.7533
  180.2693,   80.7968
  180.2721,   80.7898
  180.2749,   80.7772
  180.2777,   80.7574
  180.2805,   80.8286
  180.2833,    80.822
  180.2861,    80.822
  180.2889,   80.8188
  180.2917,   80.8112
  180.2945,   80.8291
  180.2973,   80.7699
  180.3001,   80.7699
  180.3029,   80.7678
  180.3057,   80.7901
  180.3085,   80.7976
  180.3113,   80.8084
  180.3141,   80.8128
  180.3169,   80.7445
  180.3197,   80.7513
  180.3225,   80.8036
  180.3253,   80.7704
  180.3281,   80.7952
  180.3309,   80.7949
  180.3337,   80.7953
  180.3365,   80.7842
  180.3393,   80.7344
  180.3421,   80.7385
  180.3449,   80.7366
  180.3477,   80.7165
  180.3505,   80.7189
  180.3533,   80.7157
  180.3561,   80.7218
  180.3589,    80.721
  180.3617,   80.7225
  180.3645,    80.765
  180.3673,   80.6715
  180.3701,   80.6734
  180.3729,   80.6864
  180.3757,   80.6809
  180.3785,    80.749
  180.3813,   80.7486
  180.3841,   80.6906
  180.3869,    80.688
  180.3897,   80.6909
  180.3925,   80.6908
  180.3953,   80.7602
  180.3981,842       ,   80
  180.4009,   80.7364
  180.4037,   80.7405
  180.4065,   80.7389
  180.4093,   80.7302
  180.4121,   80.7181
  180.4149,   80.7193
  180.4177,   80.7163
  180.4205,   80.7115
  180.4233,   80.7057
  180.4261,   80.7327
  180.4289,    80.745
  180.4317,   80.7571
  180.4345,   80.7537
  180.4373,    80.756
  180.4401,   80.7726
  180.4429,   80.6878
  180.4457,   80.7785
  180.4485,   80.6889
  180.4513,   80.6924
  180.4541,   80.6785
  180.4569,   80.6839
  180.4597,     80.69
  180.4625,   80.6904
  180.4653,   80.6834
  180.4681,   80.7423
  180.4709,   80.7393
  180.4737,   80.7406
  180.4765,   80.6648
  180.4793,   80.6798
  180.4821,   80.6879
  180.4849,   80.6966
  180.4877,   80.6957
  180.4905,   80.6985
  180.4933,   80.6848
  180.4961,   80.6773
  180.4989,   80.6746
  180.5017,   80.6709
  180.5045,   80.6542
  180.5073,   80.6535
  180.5101,   80.7221
  180.5129,   80.7151
  180.5157,   80.7078
  180.5185,   80.7096
  180.5213,      80.7
  180.5241,   80.7002
  180.5269,   80.6837
  180.5297,    80.687
  180.5325,   80.6649
  180.5353,   80.6733
  180.5381,   80.7069
  180.5409,   80.7114
  180.5437,    80.683
  180.5465,   80.6784
  180.5493,   80.6825
  180.5521,   80.6841
  180.5549,   80.6918
  180.5577,   80.6966
  180.5605,   80.6889
  180.5633,   80.6907
  180.5661,   80.6903
  180.5689,   80.6309
  180.5717,   80.6248
  180.5745,   80.6434
  180.5773,   80.6317
  180.5801,   80.6868
  180.5829,   80.6014
  180.5857,    80.677
  180.5885,   80.6741
  180.5913,   80.6612
  180.5941,   80.6376
  180.5969,   80.6537
  180.5997,   80.6532
  180.6025,   80.6532
  180.6053,   80.6565
  180.6081,   80.6631
  180.6109,   80.6732
  180.6137,   80.6176
  180.6165,   80.6301
  180.6193,    80.621
  180.6221,   80.6073
  180.6249,   80.6099
  180.6277,   80.6701
  180.6305,   80.6098
  180.6333,   80.6197
  180.6361,   80.6707
  180.6389,   80.6089
  180.6417,   80.6789
  180.6445,   80.6678
  180.6473,   80.5947
  180.6501,   80.6696
  180.6529,    80.664
  180.6557,   80.6586
  180.6585,   80.6684
  180.6613,   80.6034
  180.6641,   80.6091
  180.6669,   80.6231
  180.6697,   80.6531
  180.6725,   80.6658
  180.6753,   80.6461
  180.6781,   80.6462
  180.6809,   80.7302
  180.6837,   80.9136
  180.6865,   80.9136
  180.6893,   80.8638
  180.6921,   80.8058
  180.6949,   80.7565
  180.6977,   80.6857
  180.7005,   80.6883
  180.7033,   80.6856
  180.7061,   80.6894
  180.7089,   80.7457
  180.7117,   80.7531
  180.7145,   80.6708
  180.7173,   80.6544
  180.7201,   80.6543
  180.7229,   80.6037
  180.7257,   80.5846
  180.7285,   80.5923
  180.7313,   80.5922
  180.7341,   80.5913
  180.7369,   80.6552
  180.7397,   80.6333
  180.7425,    80.585
  180.7453,   80.5607
  180.7481,   80.5722
  180.7509,   80.5864
  180.7537,   80.5718
  180.7565,   80.5952
  180.7593,   80.5906
  180.7621,   80.6026
  180.7649,   80.5442
  180.7677,   80.5599
  180.7705,   80.5725
  180.7733,   80.5565
  180.7761,    80.551
  180.7789,   80.5573
  180.7817,   80.5792
  180.7845,    80.591
  180.7873,   80.5996
  180.7901,   80.6182
  180.7929,   80.5671
  180.7957,   80.5886
  180.7985,   80.6064
  180.8013,   80.6255
  180.8041,   80.6287
  180.8069,   80.6347
  180.8097,     80.63
  180.8125,   80.5534
  180.8153,   80.5672
  180.8181,   80.5793
  180.8209,   80.5822
  180.8237,   80.5782
  180.8265,   80.5919
  180.8293,   80.6042
  180.8321,   80.6129
  180.8349,   80.6134
  180.8377,   80.5565
  180.8405,   80.6303
  180.8433,   80.6223
  180.8461,    80.567
  180.8489,   80.5745
  180.8517,   80.5822
  180.8545,   80.5741
  180.8573,   80.5905
  180.8601,   80.6485
  180.8629,   80.5994
  180.8657,   80.6115
  180.8685,   80.6828
  180.8713,   80.6147
  180.8741,   80.6224
  180.8769,   80.6271
  180.8797,   80.6097
  180.8825,   80.6204
  180.8853,   80.6269
  180.8881,   80.6272
  180.8909,    80.699
  180.8937,   80.6844
  180.8965,   80.6777
  180.8993,   80.6572
  180.9021,   80.7179
  180.9049,   80.6443
  180.9077,   80.7199
  180.9105,   80.7339
  180.9133,   80.6687
  180.9161,    80.663
  180.9189,   80.6777
  180.9217,   80.6695
  180.9245,   80.6454
  180.9273,      80.7
  180.9301,   80.7191
  180.9329,   80.6973
  180.9357,   80.6932
  180.9385,   80.6506
  180.9413,   80.6065
  180.9441,   80.5903
  180.9469,   80.6613
  180.9497,   80.6689
  180.9525,   80.6663
  180.9553,   80.6228
  180.9581,   80.6082
  180.9609,   80.6292
  180.9637,   80.6226
  180.9665,    80.616
  180.9693,   80.6089
  180.9721,   80.6329
  180.9749,   80.6452
  180.9777,   80.6231
  180.9805,   80.5987
  180.9833,   80.6294
  180.9861,   80.6474
  180.9889,    80.634
  180.9917,   80.6577
  180.9945,   80.6362
  180.9973,   80.6525
  181.0001,   80.6801
  181.0029,   80.6623
  181.0057,   80.6459
  181.0085,   80.6348
  181.0113,   80.6539
  181.0141,   80.6459
  181.0169,     80.66
  181.0197,   80.6601
  181.0225,   80.6572
  181.0253,    80.661
  181.0281,   80.6199
  181.0309,   80.6637
  181.0337,   80.6512
  181.0365,   80.6496
  181.0393,   80.6485
  181.0421,   80.6376
  181.0449,   80.6297
  181.0477,   80.6225
  181.0505,   80.6062
  181.0533,   80.6035
  181.0561,   80.6174
  181.0589,   80.6446
  181.0617,   80.6525
  181.0645,   80.6368
  181.0673,   80.6802
  181.0701,   80.6475
  181.0729,   80.6475
  181.0757,   80.6703
  181.0785,   80.6351
  181.0813,   80.6577
  181.0841,   80.6711
  181.0869,   80.6683
  181.0897,   80.6556
  181.0925,    80.642
  181.0953,   80.6395
  181.0981,   80.6495
  181.1009,   80.6613
  181.1037,   80.6766
  181.1065,   80.6598
  181.1093,   80.7279
  181.1121,   80.7181
  181.1149,   80.6643
  181.1177,   80.7085
  181.1205,   80.7084
  181.1233,   80.7035
  181.1261,   80.6879
  181.1289,   80.6773
  181.1317,   80.7394
  181.1345,   80.7392
  181.1373,   80.7315
  181.1401,   80.7266
  181.1429,   80.7095
  181.1457,   80.7125
  181.1485,   80.7273
  181.1513,   80.7198
  181.1541,   80.7754
  181.1569,   80.7243
  181.1597,   80.7312
  181.1625,   80.7257
  181.1653,   80.7255
  181.1681,   80.7252
  181.1709,   80.7691
  181.1737,   80.7243
  181.1765,   80.7155
  181.1793,   80.7329
  181.1821,   80.6989
  181.1849,   80.7745
  181.1877,   80.7053
  181.1905,    80.723
  181.1933,   80.7183
  181.1961,   80.7992
  181.1989,   80.7857
  181.2017,   80.7775
  181.2045,    80.769
  181.2073,   80.7908
  181.2101,   80.7703
  181.2129,   80.7324
  181.2157,   80.8386
  181.2185,   80.8341
  181.2213,   80.8273
  181.2241,   80.8169
  181.2269,   80.8021
  181.2297,   80.8137
  181.2325,   80.8207
  181.2353,   80.8447
  181.2381,   80.8055
  181.2409,   80.8516
  181.2437,   80.8994
  181.2465,   80.8813
  181.2493,   80.9189
  181.2521,   80.8948
  181.2549,   80.8083
  181.2577,   80.8158
  181.2605,   80.8403
  181.2633,   80.8403
  181.2661,   80.9065
  181.2689,   80.8691
  181.2717,   80.8404
  181.2745,   80.8733
  181.2773,   80.8985
  181.2801,   80.8664
  181.2829,   80.8308
  181.2857,   80.8261
  181.2885,    80.855
  181.2913,   80.9017
  181.2941,   80.8923
  181.2969,   80.8438
  181.2997,    80.915
  181.3025,     80.92
  181.3053,   80.9197
  181.3081,   80.9288
  181.3109,   80.9261
  181.3137,   80.9506
  181.3165,   80.9118
  181.3193,   80.9253
  181.3221,   80.9174
  181.3249,   80.9425
  181.3277,   80.9432
  181.3305,   80.8998
  181.3333,   80.9665
  181.3361,   80.9695
  181.3389,   80.8789
  181.3417,   80.8966
  181.3445,   80.9083
  181.3473,   80.9544
  181.3501,   80.9472
  181.3529,   80.9695
  181.3557,   80.9472
  181.3585,   80.9146
  181.3613,   80.9636
  181.3641,   80.8994
  181.3669,   80.9074
  181.3697,   80.9137
  181.3725,   80.9729
  181.3753,   80.9272
  181.3781,   80.9104
  181.3809,    80.913
  181.3837,   80.8975
  181.3865,   80.9013
  181.3893,   80.9312
  181.3921,   80.8967
  181.3949,   80.8988
  181.3977,   80.9173
  181.4005,   80.9189
  181.4033,   80.8745
  181.4061,   80.8445
  181.4089,   80.8578
  181.4117,   80.8673
  181.4145,   80.8638
  181.4173,   80.8502
  181.4201,    80.881
  181.4229,     80.89
  181.4257,   80.8217
  181.4285,   80.8239
  181.4313,   80.8368
  181.4341,   80.8353
  181.4369,   80.8278
  181.4397,     80.83
  181.4425,   80.8444
  181.4453,   80.8502
  181.4481,   80.8657
  181.4509,   80.8431
  181.4537,   80.8502
  181.4565,   80.8502
  181.4593,    80.869
  181.4621,   80.8537
  181.4649,   80.8631
  181.4677,   80.8034
  181.4705,   80.8759
  181.4733,   80.8576
  181.4761,   80.8545
  181.4789,   80.8647
  181.4817,   80.8743
  181.4845,    80.852
  181.4873,   80.8505
  181.4901,   80.8521
  181.4929,   80.8719
  181.4957,   80.8773
  181.4985,    80.809
  181.5013,   80.8085
  181.5041,   80.8093
  181.5069,   80.8902
  181.5097,   80.7858
  181.5125,   80.8277
  181.5153,   80.8257
  181.5181,   80.8503
  181.5209,   80.8611
  181.5237,   80.8738
  181.5265,   80.7995
  181.5293,    80.874
  181.5321,   80.8694
  181.5349,   80.8624
  181.5377,   80.8755
  181.5405,   80.8549
  181.5433,   80.8638
  181.5461,    80.839
  181.5489,   80.8197
  181.5517,   80.8246
  181.5545,   80.8362
  181.5573,   80.8324
  181.5601,   80.8171
  181.5629,   80.8086
  181.5657,    80.839
  181.5685,   80.8395
  181.5713,   80.8394
  181.5741,    80.829
  181.5769,   80.8395
  181.5797,   80.8207
  181.5825,   80.8271
  181.5853,   80.8251
  181.5881,   80.7477
  181.5909,   80.7679
  181.5937,   80.8222
  181.5965,   80.8196
  181.5993,   80.8125
  181.6021,   80.7919
  181.6049,   80.7812
  181.6077,   80.8312
  181.6105,    80.802
  181.6133,   80.7931
  181.6161,   80.7818
  181.6189,   80.7795
  181.6217,   80.7655
  181.6245,   80.7546
  181.6273,   80.7901
  181.6301,   80.7685
  181.6329,   80.7602
  181.6357,   80.7421
  181.6385,   80.7384
  181.6413,   80.7293
  181.6441,   80.7086
  181.6469,   80.6833
  181.6497,   80.7257
  181.6525,   80.7163
  181.6553,    80.708
  181.6581,    80.704
  181.6609,   80.7514
  181.6637,   80.7196
  181.6665,   80.7052
  181.6693,   80.6796
  181.6721,   80.6537
  181.6749,   80.6637
  181.6777,   80.6956
  181.6805,   80.7172
  181.6833,   80.7024
  181.6861,   80.6425
  181.6889,   80.6428
  181.6917,     80.69
  181.6945,   80.6927
  181.6973,   80.6799
  181.7001,   80.6559
  181.7029,   80.7289
  181.7057,   80.7265
  181.7085,   80.7199
  181.7113,   80.7215
  181.7141,   80.7103
  181.7169,   80.7052
  181.7197,   80.6873
  181.7225,   80.6819
  181.7253,   80.6633
  181.7281,   80.6796
  181.7309,   80.6908
  181.7337,   80.7064
  181.7365,   80.6965
  181.7393,   80.6767
  181.7421,   80.6443
  181.7449,   80.6467
  181.7477,   80.6256
  181.7505,   80.6305
  181.7533,   80.6551
  181.7561,   80.6511
  181.7589,    80.633
  181.7617,   80.6094
  181.7645,     80.61
  181.7673,   80.6192
  181.7701,   80.5929
  181.7729,   80.5719
  181.7757,   80.5918
  181.7785,   80.5988
  181.7813,    80.606
  181.7841,   80.6232
  181.7869,   80.6201
  181.7897,   80.6263
  181.7925,   80.6292
  181.7953,   80.6504
  181.7981,   80.6348
  181.8009,   80.5889
  181.8037,   80.5851
  181.8065,   80.5767
  181.8093,   80.6478
  181.8121,   80.6508
  181.8149,   80.5947
  181.8177,   80.6067
  181.8205,   80.6604
  181.8233,   80.6578
  181.8261,   80.6537
  181.8289,   80.6983
  181.8317,   80.6828
  181.8345,   80.6792
  181.8373,   80.6678
  181.8401,   80.7179
  181.8429,   80.7179
  181.8457,    80.681
  181.8485,   80.6726
  181.8513,   80.7121
  181.8541,   80.7212
  181.8569,   80.7121
  181.8597,   80.7267
  181.8625,   80.6913
  181.8653,   80.7374
  181.8681,     80.74
  181.8709,   80.7208
  181.8737,   80.7123
  181.8765,   80.7084
  181.8793,   80.7011
  181.8821,   80.7127
  181.8849,   80.6776
  181.8877,   80.6925
  181.8905,   80.6856
  181.8933,   80.6855
  181.8961,   80.6843
  181.8989,   80.6974
  181.9017,   80.6657
  181.9045,   80.6735
  181.9073,   80.7147
  181.9101,   80.6626
  181.9129,   80.6816
  181.9157,   80.7088
  181.9185,   80.7104
  181.9213,   80.7077
  181.9241,   80.7056
  181.9269,    80.666
  181.9297,   80.7299
  181.9325,   80.6747
  181.9353,   80.7434
  181.9381,   80.6847
  181.9409,   80.6991
  181.9437,    80.717
  181.9465,     80.72
  181.9493,   80.7242
  181.9521,   80.7421
  181.9549,   80.6739
  181.9577,   80.6866
  181.9605,   80.6852
  181.9633,    80.698
  181.9661,   80.6863
  181.9689,   80.6937
  181.9717,   80.7067
  181.9745,   80.6948
  181.9773,   80.7128
  181.9801,   80.7109
  181.9829,   80.6488
  181.9857,   80.7065
  181.9885,   80.6395
  181.9913,   80.6218
  181.9941,   80.6296
  181.9969,   80.6207
  181.9997,   80.6648
  182.0025,    80.674
  182.0053,   80.6855
  182.0081,   80.6144
  182.0109,   80.6133
  182.0137,   80.6007
  182.0165,   80.5961
  182.0193,   80.6118
  182.0221,   80.6131
  182.0249,   80.6298
  182.0277,   80.6478
  182.0305,   80.5862
  182.0333,   80.6137
  182.0361,   80.6237
  182.0389,   80.6297
  182.0417,   80.6411
  182.0445,   80.6451
  182.0473,    80.664
  182.0501,   80.5977
  182.0529,   80.6103
  182.0557,   80.6261
  182.0585,   80.6203
  182.0613,   80.6198
  182.0641,    80.648
  182.0669,   80.6506
  182.0697,   80.6486
  182.0725,   80.6564
  182.0753,   80.6502
  182.0781,    80.664
  182.0809,   80.6874
  182.0837,   80.7024
  182.0865,   80.7008
  182.0893,   80.6805
  182.0921,   80.6862
  182.0949,   80.6847
  182.0977,   80.7059
  182.1005,     80.71
  182.1033,   80.7404
  182.1061,   80.7331
  182.1089,    80.725
  182.1117,   80.6823
  182.1145,   80.6966
  182.1173,    80.746
  182.1201,   80.7455
  182.1229,   80.6711
  182.1257,   80.6857
  182.1285,   80.6848
  182.1313,   80.7075
  182.1341,   80.7002
  182.1369,    80.687
  182.1397,   80.7023
  182.1425,   80.7076
  182.1453,   80.7623
  182.1481,   80.7342
  182.1509,    80.728
  182.1537,    80.734
  182.1565,   80.7234
  182.1593,   80.7345
  182.1621,    80.718
  182.1649,    80.702
  182.1677,   80.6915
  182.1705,   80.7172
  182.1733,   80.7753
  182.1761,   80.7226
  182.1789,   80.7304
  182.1817,    80.732
  182.1845,   80.7968
  182.1873,    80.779
  182.1901,   80.7643
  182.1929,   80.7392
  182.1957,   80.7562
  182.1985,    80.755
  182.2013,   80.7647
  182.2041,   80.7573
  182.2069,   80.7484
  182.2097,   80.7348
  182.2125,   80.7295
  182.2153,   80.7338
  182.2181,   80.7281
  182.2209,   80.7401
  182.2237,   80.7979
  182.2265,    80.732
  182.2293,    80.732
  182.2321,   80.7225
  182.2349,    80.756
  182.2377,   80.7322
  182.2405,   80.7219
  182.2433,   80.7825
  182.2461,   80.7102
  182.2489,   80.7436
  182.2517,   80.7402
  182.2545,   80.7293
  182.2573,   80.7053
  182.2601,   80.7232
  182.2629,   80.7336
  182.2657,   80.7493
  182.2685,   80.6905
  182.2713,   80.7677
  182.2741,   80.7286
  182.2769,   80.7045
  182.2797,   80.7058
  182.2825,   80.7373
  182.2853,   80.7797
  182.2881,   80.7323
  182.2909,   80.7615
  182.2937,   80.7737
  182.2965,   80.7462
  182.2993,   80.8034
  182.3021,   80.7855
  182.3049,   80.7374
  182.3077,   80.7442
  182.3105,   80.7375
  182.3133,   80.8056
  182.3161,   80.7791
  182.3189,   80.7613
  182.3217,   80.8149
  182.3245,   80.7932
  182.3273,   80.7728
  182.3301,   80.7772
  182.3329,   80.7373
  182.3357,   80.7536
  182.3385,   80.7533
  182.3413,   80.7604
  182.3441,    80.761
  182.3469,   80.7694
  182.3497,   80.7498
  182.3525,   80.7598
  182.3553,   80.6904
  182.3581,   80.7188
  182.3609,   80.7656
  182.3637,   80.7452
  182.3665,   80.7247
  182.3693,    80.726
  182.3721,   80.7231
  182.3749,   80.6832
  182.3777,   80.6961
  182.3805,   80.7144
  182.3833,   80.7067
  182.3861,   80.6936
  182.3889,   80.7352
  182.3917,   80.7453
  182.3945,   80.7402
  182.3973,   80.6669
  182.4001,   80.7473
  182.4029,    80.728
  182.4057,   80.7102
  182.4085,   80.7692
  182.4113,   80.7668
  182.4141,   80.7668
  182.4169,   80.7879
  182.4197,   80.7687
  182.4225,   80.7586
  182.4253,   80.7546
  182.4281,   80.7498
  182.4309,   80.7463
  182.4337,   80.7412
  182.4365,   80.7471
  182.4393,   80.7992
  182.4421,   80.7989
  182.4449,   80.7893
  182.4477,   80.7925
  182.4505,   80.7999
  182.4533,   80.7844
  182.4561,   80.7381
  182.4589,    80.725
  182.4617,    80.728
  182.4645,    80.704
  182.4673,    80.701
  182.4701,   80.7609
  182.4729,   80.6903
  182.4757,   80.6767
  182.4785,   80.6551
  182.4813,    80.678
  182.4841,   80.7706
  182.4869,   80.8014
  182.4897,    80.769
  182.4925,   80.7367
  182.4953,   80.6819
  182.4981,   80.7066
  182.5009,   80.6966
  182.5037,    80.698
  182.5065,   80.7607
  182.5093,   80.7066
  182.5121,    80.697
  182.5149,    80.679
  182.5177,   80.6983
  182.5205,   80.6967
  182.5233,    80.657
  182.5261,   80.7237
  182.5289,   80.7293
  182.5317,   80.7301
  182.5345,    80.658
  182.5373,   80.7053
  182.5401,    80.713
  182.5429,   80.7212
  182.5457,   80.6674
  182.5485,   80.7221
  182.5513,   80.7028
  182.5541,   80.7169
  182.5569,   80.6642